rank_score,selected_for,file,x1,y1,x2,y2,brighten_ratio,darken_ratio,brighten_mean_delta,darken_mean_delta,brighten_score,darken_score
102.21615818344941,darken,hw5k_3707.jpg,1920,2400,2097,2656,0.042792196327683614,0.8199814618644068,5.413959980010986,124.65666961669922,0.23167523837485218,102.21615818344941
95.70678891963325,darken,hw5k_3707.jpg,1760,2400,2016,2656,0.081756591796875,0.9064788818359375,32.097984313964844,105.58082580566406,2.6242218010593206,95.70678891963325
85.05914194928482,darken,hw5k_3797.jpg,1280,2400,1536,2656,0.073272705078125,0.9182891845703125,33.49083709716797,92.62783813476562,2.4539642294403166,85.05914194928482
83.96967801649589,darken,hw5k_3797.jpg,1280,1920,1536,2176,0.0772247314453125,0.9148712158203125,27.041099548339844,91.7830581665039,2.0882416506065056,83.96967801649589
81.8077039491618,darken,hw5k_3797.jpg,1280,2080,1536,2336,0.0955963134765625,0.8977203369140625,44.06251907348633,91.1282730102539,4.212214385916013,81.8077039491618
80.94609341421165,brighten,hw5k_3707.jpg,320,2240,576,2496,0.786956787109375,0.1984100341796875,102.8596420288086,56.59340286254883,80.94609341421165,11.228698996303137
75.24347197730094,brighten,scut_457.jpg,800,1120,1056,1376,0.514129638671875,0.0828399658203125,146.35116577148438,6.75649356842041,75.24347197730094,0.559707696273108
73.7309595036786,brighten,hw5k_3707.jpg,320,2080,576,2336,0.7097930908203125,0.1395111083984375,103.87669372558594,71.08341979980469,73.7309595036786,9.91692668502219
72.70387283526361,darken,hw5k_3797.jpg,1440,2080,1696,2336,0.1346435546875,0.8559112548828125,49.315086364746094,84.9432373046875,6.639958527870476,72.70387283526361
71.7699224082753,brighten,hw5k_3707.jpg,480,2240,736,2496,0.75042724609375,0.237274169921875,95.63874816894531,56.344913482666016,71.7699224082753,13.369192575919442
69.85296509601176,brighten,hw5k_3707.jpg,1120,2240,1376,2496,0.74993896484375,0.240631103515625,93.14486694335938,52.44276428222656,69.85296509601176,12.619360240641981
69.36906385840848,darken,hw5k_3797.jpg,1280,2240,1536,2496,0.0801544189453125,0.9113006591796875,30.678850173950195,76.12094116210938,2.459045409603277,69.36906385840848
69.26927134743892,brighten,hw5k_3707.jpg,640,2080,896,2336,0.6357879638671875,0.1579437255859375,108.95027160644531,65.7596664428711,69.26927134743892,10.386326711275615
68.48334491252899,brighten,hw5k_3707.jpg,480,2080,736,2336,0.6484375,0.173675537109375,105.61286926269531,65.09971618652344,68.48334491252899,11.306228174362332
68.2426074542905,darken,hw5k_3707.jpg,1920,2560,2097,2816,0.19897598870056496,0.629789018361582,81.56299591064453,108.3578872680664,16.229077752700633,68.2426074542905
68.15494615468197,brighten,hw5k_3707.jpg,0,2240,256,2496,0.7018280029296875,0.281463623046875,97.11061096191406,50.399925231933594,68.15494615468197,14.185745557071641
68.03852853481658,brighten,hw5k_3707.jpg,960,2240,1216,2496,0.742340087890625,0.2469940185546875,91.65412139892578,57.621734619140625,68.03852853481658,14.232223789673299
67.85564098739997,darken,hw5k_318.jpg,160,320,416,576,0.0347137451171875,0.943939208984375,11.493772506713867,71.88560485839844,0.39899188923300244,67.85564098739997
67.79447791632265,brighten,hw5k_3707.jpg,960,2080,1216,2336,0.6084442138671875,0.176910400390625,111.42266845703125,73.44454193115234,67.79447791632265,12.993103319546208
67.625478124246,brighten,hw5k_3707.jpg,160,2080,416,2336,0.6719970703125,0.18634033203125,100.63359069824219,63.37807083129883,67.625478124246,11.809890762204304
67.32592223398387,darken,hw5k_4136.jpg,1120,640,1376,896,0.005157470703125,0.98773193359375,6.9428019523620605,68.16213989257812,0.03580729766690638,67.32592223398387
67.04640213784296,brighten,hw5k_3707.jpg,640,2240,896,2496,0.7363739013671875,0.2530364990234375,91.04940032958984,57.346519470214844,67.04640213784296,14.510762517922558
66.1737971487455,brighten,hw5k_3707.jpg,0,2080,256,2336,0.67340087890625,0.174102783203125,98.26805877685547,61.417381286621094,66.1737971487455,10.692937019048259
65.18812480440829,brighten,hw5k_3707.jpg,160,2240,416,2496,0.7003021240234375,0.2847137451171875,93.0857162475586,49.10629653930664,65.18812480440829,13.981237596541177
64.72039538482204,darken,hw5k_318.jpg,160,480,416,736,0.0866851806640625,0.884063720703125,7.057149887084961,73.20783996582031,0.6117503129353281,64.72039538482204
64.30048150662333,brighten,hw5k_3707.jpg,800,2080,1056,2336,0.59686279296875,0.1725006103515625,107.73075866699219,71.88716125488281,64.30048150662333,12.40057919290848
64.1241305519361,brighten,hw5k_3707.jpg,800,2240,1056,2496,0.7196197509765625,0.2681121826171875,89.10835266113281,64.32247924804688,64.1241305519361,17.245640302542597
63.93346226250287,darken,hw5k_4136.jpg,1280,480,1536,736,0.01678466796875,0.9549102783203125,9.789998054504395,66.95232391357422,0.16432186675956473,63.93346226250287
63.8267144151032,darken,hw5k_318.jpg,320,320,576,576,0.06182861328125,0.894683837890625,6.584321975708008,71.3399658203125,0.40709949715528637,63.8267144151032
63.23707123985514,darken,hw5k_4136.jpg,1280,640,1536,896,0.0143585205078125,0.967376708984375,7.837407112121582,65.36964416503906,0.11253357074747328,63.23707123985514
62.773870753124356,brighten,hw5k_3707.jpg,1120,2080,1376,2336,0.5915679931640625,0.187774658203125,106.1143798828125,66.16181945800781,62.773870753124356,12.423513034824282
62.521665275562555,darken,hw5k_3797.jpg,1440,2400,1696,2656,0.1342315673828125,0.8491973876953125,35.52873992919922,73.62442016601562,4.769078447832726,62.521665275562555
62.25366351660341,darken,hw5k_4118.jpg,160,480,416,736,0.008544921875,0.9808349609375,7.32440185546875,63.470069885253906,0.06258644163608551,62.25366351660341
62.002020596992224,darken,hw5k_318.jpg,320,160,576,416,0.06134033203125,0.89263916015625,8.899253845214844,69.45922088623047,0.5458831856958568,62.002020596992224
61.669159312706206,darken,hw5k_3707.jpg,1920,2240,2097,2496,0.10743290960451977,0.5693414548022598,9.925294876098633,108.316650390625,1.0663033072221078,61.669159312706206
61.52681124722585,darken,hw5k_4136.jpg,1440,480,1696,736,0.0337982177734375,0.9242095947265625,10.154101371765137,66.57235717773438,0.34319052945647854,61.52681124722585
61.35509620979428,darken,hw5k_3797.jpg,1280,1760,1536,2016,0.1068115234375,0.88336181640625,34.4417610168457,69.45635986328125,3.6787769640795887,61.35509620979428
60.63831968884915,darken,hw5k_4136.jpg,480,800,736,1056,0.015228271484375,0.96673583984375,7.5237135887146,62.72480773925781,0.11457315309962723,60.63831968884915
60.272346657235175,darken,hw5k_4136.jpg,640,640,896,896,0.021209716796875,0.95599365234375,10.730456352233887,63.04680633544922,0.2275899403321091,60.272346657235175
59.821284355421085,darken,hw5k_4136.jpg,640,800,896,1056,0.0144500732421875,0.9681549072265625,11.736007690429688,61.78895950317383,0.16958617069758475,59.821284355421085
59.65927159180865,brighten,hw5k_3707.jpg,1280,2080,1536,2336,0.5729217529296875,0.214111328125,104.13162231445312,60.854759216308594,59.65927159180865,13.029693318530917
59.54329393338412,darken,hw5k_3797.jpg,1440,1920,1696,2176,0.174072265625,0.803985595703125,33.22162628173828,74.06015014648438,5.782963754609227,59.54329393338412
59.38767989818007,darken,hw5k_4136.jpg,960,640,1216,896,0.00714111328125,0.9827880859375,9.281339645385742,60.427757263183594,0.06627909780945629,59.38767989818007
58.632798602688126,darken,hw5k_4136.jpg,1120,480,1376,736,0.01470947265625,0.9518585205078125,7.71507453918457,61.598228454589844,0.113484677975066,58.632798602688126
58.346989992656745,darken,hw5k_3797.jpg,160,2240,416,2496,0.1334075927734375,0.8512725830078125,25.192495346069336,68.54090118408203,3.3608701600751374,58.346989992656745
57.943299329141155,darken,hw5k_318.jpg,160,160,416,416,0.08587646484375,0.8818511962890625,14.6519775390625,65.70643615722656,1.2582600340247154,57.943299329141155
57.78566670231521,darken,hw5k_3707.jpg,1760,2560,2016,2816,0.175140380859375,0.61468505859375,46.961612701416016,94.00857543945312,8.224874734296463,57.78566670231521
57.68367106933147,darken,hw5k_4136.jpg,480,640,736,896,0.0247344970703125,0.94317626953125,7.435944557189941,61.15895080566406,0.18392434886482079,57.68367106933147
57.52595857298002,brighten,hw5k_3707.jpg,1280,2240,1536,2496,0.69720458984375,0.29193115234375,82.50943756103516,48.98994445800781,57.52595857298002,14.30169093888253
57.331509616575204,darken,hw5k_4136.jpg,800,640,1056,896,0.010223388671875,0.9803619384765625,14.004477500915527,58.479942321777344,0.1431732166383881,57.331509616575204
57.25743936758954,darken,hw5k_4136.jpg,160,640,416,896,0.0324554443359375,0.9307403564453125,8.485033988952637,61.518165588378906,0.27538554831699,57.25743936758954
57.069192935712636,darken,hw5k_318.jpg,1120,160,1376,416,0.0635528564453125,0.85211181640625,5.0378546714782715,66.97383117675781,0.32017005472880555,57.069192935712636
56.59099304268602,darken,hw5k_3707.jpg,1760,2240,2016,2496,0.2425689697265625,0.6205902099609375,61.84093475341797,91.1889877319336,15.00069183006417,56.59099304268602
56.39365809364244,darken,hw5k_4136.jpg,1440,640,1696,896,0.03759765625,0.9179534912109375,8.514881134033203,61.434112548828125,0.32013957388699055,56.39365809364244
56.376542605867144,darken,hw5k_4136.jpg,320,800,576,1056,0.027130126953125,0.9492950439453125,9.566740989685059,59.38779830932617,0.25954689757782035,56.376542605867144
56.00885706860572,darken,hw5k_3797.jpg,160,1280,416,1536,0.09014892578125,0.8348541259765625,26.832319259643555,67.08819580078125,2.4189047574764118,56.00885706860572
55.99943002825603,darken,hw5k_3797.jpg,1600,2080,1856,2336,0.1235198974609375,0.858428955078125,53.245670318603516,65.23478698730469,6.57689973799279,55.99943002825603
55.63804906583391,darken,hw5k_318.jpg,320,480,576,736,0.128509521484375,0.8172454833984375,5.999250411987305,68.07997131347656,0.7709607997094281,55.63804906583391
55.423626905772835,darken,hw5k_4118.jpg,1120,960,1376,1216,0.0201873779296875,0.947967529296875,8.427562713623047,58.46574401855469,0.1701303935260512,55.423626905772835
54.94524879846722,darken,hw5k_4136.jpg,320,640,576,896,0.034515380859375,0.9320068359375,8.537428855895996,58.953697204589844,0.29467260852106847,54.94524879846722
53.73599324980751,darken,hw5k_3385.jpg,1120,640,1376,896,0.0439453125,0.92706298828125,21.566434860229492,57.96369171142578,0.9477437194436789,53.73599324980751
53.71453905245289,darken,hw5k_4118.jpg,1120,1120,1376,1376,0.0300140380859375,0.94512939453125,17.138959884643555,56.83300018310547,0.5144093947310466,53.71453905245289
53.42425065441057,darken,hw5k_3797.jpg,960,2400,1216,2656,0.220428466796875,0.761077880859375,40.915870666503906,70.19551086425781,9.019022638676688,53.42425065441057
53.29525603016373,darken,hw5k_3797.jpg,1280,1600,1536,1856,0.1232452392578125,0.8625640869140625,53.87610626220703,61.787010192871094,6.639973606565036,53.29525603016373
53.067825785139576,darken,hw5k_4118.jpg,1280,1120,1536,1376,0.0324554443359375,0.9503631591796875,15.872746467590332,55.83952331542969,0.5151570394373266,53.067825785139576
52.980202749196906,darken,hw5k_3510.jpg,1280,480,1536,736,0.0496826171875,0.9084014892578125,13.382063865661621,58.322452545166016,0.6648559562163427,52.980202749196906
52.59888028579935,darken,hw5k_521.jpg,1440,2240,1669,2397,0.28940561288348676,0.6629488498873529,48.216529846191406,79.34078216552734,13.954134371251955,52.59888028579935
52.556090615456924,darken,hw5k_4010.jpg,640,1600,896,1856,0.0357818603515625,0.9413299560546875,12.478464126586914,55.83174133300781,0.4465026607795153,52.556090615456924
52.383075900550466,darken,hw5k_3510.jpg,1440,480,1696,736,0.04473876953125,0.9051666259765625,9.438608169555664,57.87119674682617,0.4222717155935243,52.383075900550466
52.27830486604944,darken,hw5k_3797.jpg,1280,2560,1536,2816,0.07061767578125,0.55145263671875,33.93136215209961,94.80107879638672,2.3961539312731475,52.27830486604944
51.84281096840277,brighten,scut_457.jpg,640,1120,896,1376,0.395721435546875,0.141815185546875,131.0083465576172,7.903270721435547,51.84281096840277,1.1208038037875667
51.74105815938674,darken,hw5k_4118.jpg,320,480,576,736,0.02947998046875,0.945404052734375,15.340581893920898,54.729042053222656,0.45224005461204797,51.74105815938674
51.54441963206045,darken,hw5k_3510.jpg,1120,480,1376,736,0.054412841796875,0.890167236328125,11.586183547973633,57.904197692871094,0.6304371724254452,51.54441963206045
51.327178089355584,darken,hw5k_3385.jpg,1440,640,1696,896,0.07275390625,0.8809051513671875,15.378355979919434,58.26640701293945,1.1188354692421854,51.327178089355584
51.203459109412506,darken,hw5k_4136.jpg,800,800,1056,1056,0.0089263916015625,0.97650146484375,14.288888931274414,52.43561935424805,0.1275482181517873,51.203459109412506
51.129256825952325,brighten,hw5k_743.jpg,1440,1760,1696,2016,0.8391571044921875,0.1259002685546875,60.92930221557617,60.48471450805664,51.129256825952325,7.615041800017934
50.83895083738025,brighten,hw5k_743.jpg,320,1440,576,1696,0.875457763671875,0.0625457763671875,58.0712776184082,66.13890075683594,50.83895083738025,4.136708895908669
50.72839190083323,darken,hw5k_4118.jpg,320,640,576,896,0.01763916015625,0.9496917724609375,7.384083271026611,53.4156379699707,0.13024902742472477,50.72839190083323
50.71112051804084,brighten,hw5k_3707.jpg,960,2400,1216,2656,0.7214202880859375,0.262603759765625,70.29344940185547,50.25996398925781,50.71112051804084,13.198455509264022
50.57294919330161,darken,hw5k_4010.jpg,960,960,1216,1216,0.0438079833984375,0.9210662841796875,20.745037078857422,54.906959533691406,0.9087982399505563,50.57294919330161
50.358025068300776,brighten,scut_457.jpg,480,1120,736,1376,0.3986053466796875,0.1364288330078125,126.3355484008789,6.159677505493164,50.358025068300776,0.8403576137789059
50.17679193347817,darken,hw5k_3385.jpg,1600,640,1839,896,0.08512029288702928,0.8623659780334728,19.01766586303711,58.18503189086914,1.6187892882893773,50.17679193347817
49.98523558443412,darken,hw5k_3797.jpg,1440,2240,1696,2496,0.1718292236328125,0.8077392578125,31.80419158935547,61.88288497924805,5.464889549068175,49.98523558443412
49.8476422810927,darken,hw5k_4118.jpg,160,640,416,896,0.0174102783203125,0.9288482666015625,7.210632801055908,53.66607666015625,0.12553912393195787,49.8476422810927
49.77935557026649,darken,hw5k_4118.jpg,960,960,1216,1216,0.01654052734375,0.9543914794921875,9.720479965209961,52.1582145690918,0.1607818646589294,49.77935557026649
49.777722873259336,darken,hw5k_3975.jpg,960,160,1216,416,0.01318359375,0.9470367431640625,11.424383163452148,52.561553955078125,0.15061442647129297,49.777722873259336
49.77059053431731,darken,hw5k_3385.jpg,640,1280,896,1536,0.046630859375,0.9195709228515625,14.147469520568848,54.12371063232422,0.6597086617257446,49.77059053431731
49.75521526800003,darken,hw5k_3797.jpg,800,2400,1056,2656,0.2808685302734375,0.7051544189453125,53.224952697753906,70.55931854248047,14.949214238091372,49.75521526800003
49.72341748489998,darken,hw5k_3797.jpg,160,2400,416,2656,0.25701904296875,0.7310333251953125,47.719051361083984,68.01799011230469,12.264704912202433,49.72341748489998
49.71095259679714,darken,hw5k_4118.jpg,480,640,736,896,0.024017333984375,0.9365081787109375,7.184454917907715,53.081172943115234,0.17255145325907506,49.71095259679714
49.671364690875635,darken,hw5k_3797.jpg,1120,2080,1376,2336,0.2259674072265625,0.755523681640625,49.335289001464844,65.7442855834961,11.148167340434156,49.671364690875635
49.17303918732796,darken,hw5k_4010.jpg,480,1600,736,1856,0.04998779296875,0.9193572998046875,13.268722534179688,53.48632049560547,0.6632741549983621,49.17303918732796
49.14206708490383,darken,hw5k_3975.jpg,800,480,1056,736,0.0297698974609375,0.9462432861328125,13.673672676086426,51.933860778808594,0.40706383348151576,49.14206708490383
49.05454419204034,darken,hw5k_3797.jpg,960,1920,1216,2176,0.224700927734375,0.757293701171875,41.937095642089844,64.77611541748047,9.423304297262803,49.05454419204034
48.701912394026294,brighten,hw5k_3707.jpg,1440,2080,1696,2336,0.578765869140625,0.2094573974609375,84.14786529541016,61.50569152832031,48.701912394026294,12.882822076557204
48.65579376521055,brighten,hw5k_3707.jpg,1120,2400,1376,2656,0.6554107666015625,0.3334808349609375,74.23709869384766,57.61723709106445,48.65579376521055,19.21424433327047
48.568093308771495,brighten,hw5k_743.jpg,1440,1920,1696,2176,0.8201751708984375,0.1004791259765625,59.216732025146484,51.88397979736328,48.568093308771495,5.213256942224689
48.524115695850924,darken,hw5k_3993.jpg,640,1280,896,1536,0.0537567138671875,0.90704345703125,13.990253448486328,53.497013092041016,0.7520700515597127,48.524115695850924
48.46833870833507,brighten,hw5k_3957.jpg,1280,1120,1536,1376,0.7794647216796875,0.1499786376953125,62.18156814575195,16.686779022216797,48.46833870833507,2.502660385274794
48.467575624468736,darken,hw5k_4010.jpg,480,1440,736,1696,0.0520172119140625,0.919769287109375,16.87933921813965,52.69536209106445,0.8780161650793161,48.467575624468736
48.39545571117196,darken,hw5k_318.jpg,960,160,1216,416,0.18389892578125,0.7165985107421875,4.891168117523193,67.53496551513672,0.899480562628014,48.39545571117196
48.37481784634292,darken,hw5k_3797.jpg,160,1600,416,1856,0.15716552734375,0.8218994140625,52.205692291259766,58.85734558105469,8.204935159301385,48.37481784634292
48.33040611288743,darken,hw5k_4136.jpg,160,800,416,1056,0.050537109375,0.8938140869140625,8.303038597106934,54.07210159301758,0.41961156972683966,48.33040611288743
48.31137708562892,darken,hw5k_4118.jpg,480,1440,736,1696,0.03729248046875,0.913543701171875,7.98663330078125,52.883487701416016,0.2978413663804531,48.31137708562892
48.30124436796177,brighten,hw5k_3797.jpg,320,2080,576,2336,0.6696929931640625,0.3099517822265625,72.12445831298828,62.50032043457031,48.30124436796177,19.37208570842631
48.263108185492456,darken,hw5k_3385.jpg,1120,800,1376,1056,0.04376220703125,0.91961669921875,20.855764389038086,52.48176574707031,0.9126942789880559,48.263108185492456
48.24154703359818,darken,hw5k_3975.jpg,640,480,896,736,0.05657958984375,0.8894805908203125,18.308610916137695,54.23563766479492,1.0358936962438747,48.24154703359818
48.18747596995672,darken,hw5k_3975.jpg,960,0,1216,256,0.03131103515625,0.8679656982421875,5.991067409515381,55.51771926879883,0.1875865222827997,48.18747596995672
48.06298522831639,darken,hw5k_4118.jpg,1440,1120,1696,1376,0.0733184814453125,0.8826446533203125,20.658411026000977,54.4533805847168,1.5146433254994918,48.06298522831639
48.056149784708396,darken,hw5k_3797.jpg,1440,2560,1696,2816,0.0834197998046875,0.556976318359375,42.81665802001953,86.2804183959961,3.5717570403357968,48.056149784708396
48.03545446903445,darken,hw5k_4010.jpg,1600,1440,1856,1696,0.0951690673828125,0.87506103515625,20.27828598022461,54.89383316040039,1.9298655648599379,48.03545446903445
48.02585701830685,brighten,hw5k_1046.jpg,960,480,1216,736,0.6641845703125,0.3174896240234375,72.30799865722656,19.50787353515625,48.02585701830685,6.193547434173524
47.93555984215345,darken,hw5k_3385.jpg,480,1120,736,1376,0.0589141845703125,0.910186767578125,16.33885955810547,52.66563034057617,0.9625905876746401,47.93555984215345
47.90115628897911,darken,hw5k_3385.jpg,480,1280,736,1536,0.064697265625,0.8996734619140625,16.56737518310547,53.24282455444336,1.0718638729304075,47.90115628897911
47.86160436744103,darken,hw5k_3385.jpg,1280,640,1536,896,0.0780792236328125,0.8636932373046875,17.149370193481445,55.4150505065918,1.3390095104987267,47.86160436744103
47.80006579589099,darken,hw5k_3385.jpg,640,1120,896,1376,0.0523223876953125,0.906005859375,11.83581256866455,52.75911331176758,0.6192779739067191,47.80006579589099
47.68274582183221,darken,hw5k_4010.jpg,1120,1440,1376,1696,0.090057373046875,0.8647613525390625,17.986839294433594,55.139774322509766,1.619847496272996,47.68274582183221
47.632842649763916,darken,hw5k_4136.jpg,960,480,1216,736,0.0146636962890625,0.9401702880859375,8.759970664978027,50.664058685302734,0.12845354933233466,47.632842649763916
47.55483611818636,darken,hw5k_4010.jpg,1120,1120,1376,1376,0.065704345703125,0.8857574462890625,20.85253143310547,53.68832778930664,1.3701019340660423,47.55483611818636
47.48701813223306,darken,hw5k_3975.jpg,1120,320,1376,576,0.0170135498046875,0.9345245361328125,21.113004684448242,50.81409454345703,0.35920715672546066,47.48701813223306
47.43393687950447,darken,hw5k_4118.jpg,1120,800,1376,1056,0.0504913330078125,0.8857269287109375,9.945603370666504,53.553680419921875,0.5021667717519449,47.43393687950447
47.33987401938066,darken,hw5k_4118.jpg,480,2240,736,2496,0.0548858642578125,0.9123992919921875,14.92892074584961,51.885040283203125,0.8193867175723426,47.33987401938066
47.26511626876891,darken,hw5k_3385.jpg,1120,1120,1376,1376,0.0645599365234375,0.890411376953125,11.072795867919922,53.08233642578125,0.7148589983698912,47.26511626876891
47.26125433947891,brighten,hw5k_3707.jpg,320,2400,576,2656,0.6703033447265625,0.309844970703125,70.50726318359375,63.61899185180664,47.26125433947891,19.712024666485377
47.25837056385353,darken,hw5k_4136.jpg,640,960,896,1216,0.011993408203125,0.95050048828125,9.219676971435547,49.719459533691406,0.11057534941937774,47.25837056385353
47.22852765023708,darken,hw5k_3975.jpg,640,320,896,576,0.0971832275390625,0.87109375,29.46354866027832,54.21750259399414,2.863362753560068,47.22852765023708
47.22372396150604,darken,hw5k_3975.jpg,1120,480,1376,736,0.0488739013671875,0.89447021484375,32.76896286010742,52.795188903808594,1.6015470587299205,47.22372396150604
47.17064744036179,darken,hw5k_4010.jpg,1120,960,1376,1216,0.0764923095703125,0.8686065673828125,24.087438583374023,54.306114196777344,1.8425038088753354,47.17064744036179
47.16793703637086,darken,hw5k_4136.jpg,1120,960,1376,1216,0.0177001953125,0.95819091796875,11.782471656799316,49.22603225708008,0.20855204958934337,47.16793703637086
47.153384258563165,darken,hw5k_3797.jpg,160,1440,416,1696,0.11529541015625,0.8356475830078125,54.95275115966797,56.4273567199707,6.335799984168261,47.153384258563165
47.117422694689594,darken,hw5k_3510.jpg,1120,960,1376,1216,0.040618896484375,0.9092559814453125,8.386675834655762,51.81975555419922,0.3406575175758917,47.117422694689594
46.97527223476209,darken,hw5k_4136.jpg,640,480,896,736,0.0357513427734375,0.8967742919921875,7.5787434577941895,52.38249206542969,0.270950255151547,46.97527223476209
46.92762121267151,darken,hw5k_3493.jpg,1120,480,1376,736,0.074249267578125,0.847930908203125,9.911905288696289,55.343685150146484,0.7359517079894431,46.92762121267151
46.850134577951394,darken,hw5k_3493.jpg,1280,480,1536,736,0.0753326416015625,0.856231689453125,10.135438919067383,54.71665573120117,0.7635293875646312,46.850134577951394
46.82336651603691,brighten,hw5k_3707.jpg,0,2400,256,2656,0.652313232421875,0.3174285888671875,71.7804946899414,48.047733306884766,46.82336651603691,15.251724181871396
46.7710187327466,brighten,hw5k_743.jpg,1440,1600,1696,1856,0.8900909423828125,0.06805419921875,52.54633712768555,63.502017974853516,46.7710187327466,4.321578982053325
46.65262739546597,brighten,hw5k_743.jpg,800,640,1056,896,0.85009765625,0.0874176025390625,54.8791389465332,46.765113830566406,46.65262739546597,4.088094133534469
46.650895768310875,darken,hw5k_3349.jpg,640,320,896,576,0.0657806396484375,0.8791046142578125,22.864377975463867,53.066375732421875,1.5040334083896596,46.650895768310875
46.63138663908467,darken,hw5k_318.jpg,960,320,1216,576,0.171356201171875,0.7337646484375,5.201752662658691,63.55087661743164,0.8913525757088792,46.63138663908467
46.62115331739187,darken,hw5k_3797.jpg,160,1760,416,2016,0.1273651123046875,0.857421875,33.94656753540039,54.3736457824707,4.3236083865049295,46.62115331739187
46.6089136331575,brighten,hw5k_743.jpg,320,1600,576,1856,0.840667724609375,0.1173553466796875,55.44272994995117,64.33953857421875,46.6089136331575,7.550588854588568
46.60064839327242,darken,hw5k_3975.jpg,1120,160,1376,416,0.0232696533203125,0.907928466796875,16.47519302368164,51.32634353637695,0.3833720300463028,46.60064839327242
46.597175400704145,darken,hw5k_3510.jpg,1280,320,1536,576,0.0526275634765625,0.8332366943359375,14.530007362365723,55.923095703125,0.7646788847778225,46.597175400704145
46.56423718755832,darken,hw5k_4010.jpg,640,1760,896,2016,0.0498199462890625,0.9235687255859375,16.422155380249023,50.417728424072266,0.8181508989946451,46.56423718755832
46.562863905351236,darken,hw5k_353.jpg,1760,2240,1942,2380,0.045054945054945054,0.8835949764521193,5.861206531524658,52.69706726074219,0.26407633823352855,46.562863905351236
46.53212802554481,darken,hw5k_3993.jpg,480,1280,736,1536,0.0640869140625,0.890594482421875,14.926667213439941,52.248390197753906,0.9566040389472619,46.53212802554481
46.523986938700546,darken,hw5k_4136.jpg,1600,480,1856,736,0.068572998046875,0.8693695068359375,16.075284957885742,53.51462936401367,1.102330484020058,46.523986938700546
46.50466180592775,darken,hw5k_4118.jpg,960,800,1216,1056,0.061187744140625,0.89312744140625,20.883459091186523,52.0694580078125,1.27781175164273,46.50466180592775
46.29670625331346,darken,hw5k_3975.jpg,480,160,736,416,0.0781402587890625,0.8656768798828125,11.488706588745117,53.48035430908203,0.8977305059961509,46.29670625331346
46.21371536323568,darken,hw5k_4010.jpg,1440,960,1696,1216,0.1070709228515625,0.8466033935546875,22.936487197875977,54.58720779418945,2.4558308512496296,46.21371536323568
46.02197994070593,darken,hw5k_3385.jpg,480,960,736,1216,0.0465545654296875,0.909088134765625,16.25095558166504,50.624332427978516,0.7565561749215703,46.02197994070593
45.99923658504849,darken,hw5k_4118.jpg,1600,1120,1856,1376,0.084564208984375,0.8582305908203125,19.85588836669922,53.59775924682617,1.6790974934119731,45.99923658504849
45.96534304693341,brighten,hw5k_5028.jpg,1280,800,1536,1056,0.40289306640625,0.1097412109375,114.08819580078125,12.778459548950195,45.96534304693341,1.4023236248176545
45.88051831605844,darken,hw5k_4136.jpg,1280,1280,1536,1536,0.0140533447265625,0.92950439453125,8.090842247009277,49.36019515991211,0.11370339522545692,45.88051831605844
45.87913054699311,darken,hw5k_4136.jpg,640,160,896,416,0.02801513671875,0.8709564208984375,6.685910701751709,52.67672348022461,0.18730670239892788,45.87913054699311
45.848541028623,darken,hw5k_4118.jpg,640,1440,896,1696,0.0657958984375,0.8730621337890625,13.855905532836914,52.5146369934082,0.9116617531981319,45.848541028623
45.793646774603985,brighten,hw5k_743.jpg,1440,2080,1696,2336,0.7716827392578125,0.114837646484375,59.34258270263672,42.152976989746094,45.793646774603985,4.840748669812456
45.780906438827515,darken,hw5k_3493.jpg,1120,640,1376,896,0.065093994140625,0.857421875,10.712923049926758,53.3936767578125,0.6973469502408989,45.780906438827515
45.76924990938278,darken,hw5k_4136.jpg,1280,960,1536,1216,0.010345458984375,0.9554901123046875,10.95919418334961,47.90133285522461,0.11337789392564446,45.76924990938278
45.72849157103337,darken,hw5k_4118.jpg,1280,960,1536,1216,0.043975830078125,0.88946533203125,8.823269844055176,51.41121292114258,0.3880106153956149,45.72849157103337
45.70741912780795,darken,hw5k_4118.jpg,640,2240,896,2496,0.052581787109375,0.905792236328125,13.854032516479492,50.46126174926758,0.7284697883878835,45.70741912780795
45.688469365704805,darken,hw5k_4136.jpg,1120,1280,1376,1536,0.0189056396484375,0.9316558837890625,10.155499458312988,49.040069580078125,0.19199621320876759,45.688469365704805
45.633679846767336,brighten,hw5k_4957.jpg,1120,1760,1376,2016,0.3885040283203125,0.349517822265625,117.45999145507812,4.561456203460693,45.633679846767336,1.5943102385936072
45.61908546241466,brighten,hw5k_1011.jpg,1600,480,1856,736,0.7092132568359375,0.2646484375,64.3235092163086,12.10736083984375,45.61908546241466,3.204194128513336
45.61644737422466,darken,hw5k_4136.jpg,800,960,1056,1216,0.01055908203125,0.970794677734375,14.017340660095215,46.98876953125,0.1480102498899214,45.61644737422466
45.59714471921325,brighten,hw5k_3707.jpg,1600,2080,1856,2336,0.61083984375,0.1992950439453125,74.64664459228516,61.24977111816406,45.59714471921325,12.20677582663484
45.58913477987517,darken,hw5k_3797.jpg,1120,2240,1376,2496,0.1066741943359375,0.8798980712890625,27.529443740844727,51.81183624267578,2.9366812315711286,45.58913477987517
45.395847046980634,brighten,hw5k_4957.jpg,1120,1600,1376,1856,0.3966827392578125,0.2654266357421875,114.43867492675781,3.3407914638519287,45.395847046980634,0.8867350389664352
45.37211735575693,darken,hw5k_4118.jpg,640,640,896,896,0.030853271484375,0.9108123779296875,9.24002456665039,49.814998626708984,0.28508498647715896,45.37211735575693
45.35705668362789,darken,hw5k_3993.jpg,640,1120,896,1376,0.0777435302734375,0.863677978515625,16.480209350585938,52.51616668701172,1.2812296545598656,45.35705668362789
45.23306218767539,darken,hw5k_4118.jpg,1120,640,1376,896,0.0509185791015625,0.8555908203125,15.461091995239258,52.86763381958008,0.7872568357561249,45.23306218767539
45.23058971762657,brighten,hw5k_743.jpg,1280,1760,1536,2016,0.767242431640625,0.167877197265625,58.9521484375,49.389686584472656,45.23058971762657,8.291402157628909
45.19531207915861,darken,hw5k_4136.jpg,480,960,736,1216,0.00738525390625,0.943389892578125,6.765841007232666,47.907352447509766,0.04996745372773148,45.19531207915861
45.15806890896056,brighten,hw5k_3707.jpg,800,2400,1056,2656,0.7089691162109375,0.27239990234375,63.695396423339844,57.72026062011719,45.15806890896056,15.72299335617572
45.13852719363058,brighten,hw5k_743.jpg,800,800,1056,1056,0.8023834228515625,0.1120147705078125,56.255558013916016,47.66685104370117,45.13852719363058,5.3393913804902695
45.08268729702104,darken,hw5k_4010.jpg,480,1920,736,2176,0.0815887451171875,0.8673248291015625,16.479520797729492,51.97901153564453,1.344543422019342,45.08268729702104
45.003310306114145,darken,hw5k_3493.jpg,480,1120,736,1376,0.05718994140625,0.872833251953125,8.334935188293457,51.56003189086914,0.4766744550433941,45.003310306114145
44.99972686171532,darken,hw5k_3797.jpg,960,2080,1216,2336,0.2831573486328125,0.697174072265625,43.497833251953125,64.5458984375,12.316731134895235,44.99972686171532
44.999409979674965,darken,hw5k_3510.jpg,1120,320,1376,576,0.0381622314453125,0.8527679443359375,9.108756065368652,52.768646240234375,0.34761045714549255,44.999409979674965
44.96672758832574,darken,hw5k_318.jpg,1120,320,1376,576,0.1298675537109375,0.73974609375,4.99330472946167,60.786705017089844,0.6484682701484417,44.96672758832574
44.854386025399435,darken,hw5k_3993.jpg,480,1120,736,1376,0.07977294921875,0.8737335205078125,21.614192962646484,51.33646011352539,1.7242279176134616,44.854386025399435
44.84017537062755,darken,hw5k_3975.jpg,1280,640,1536,896,0.0795440673828125,0.8487091064453125,17.661998748779297,52.8333854675293,1.4049072185880505,44.84017537062755
44.82599506387487,darken,hw5k_4010.jpg,1280,960,1536,1216,0.097564697265625,0.839874267578125,21.981700897216797,53.37226867675781,2.1446379934204742,44.82599506387487
44.720954739023,darken,hw5k_4136.jpg,640,1120,896,1376,0.025238037109375,0.9169769287109375,15.664448738098145,48.769989013671875,0.39533993855002336,44.720954739023
44.69887412711978,darken,hw5k_3493.jpg,1440,480,1696,736,0.0783233642578125,0.8394775390625,12.415287017822266,53.246063232421875,0.972407047462184,44.69887412711978
44.68760080821812,darken,hw5k_3510.jpg,1280,960,1536,1216,0.0336456298828125,0.8812255859375,7.8004536628723145,50.71073913574219,0.26245117685903097,44.68760080821812
44.63840524671832,darken,hw5k_4118.jpg,1280,800,1536,1056,0.0673370361328125,0.8686676025390625,12.075685501098633,51.387210845947266,0.8131408709159587,44.63840524671832
44.608640934107825,darken,hw5k_4010.jpg,1120,1600,1376,1856,0.063232421875,0.89044189453125,14.120013236999512,50.09719467163086,0.8928426338825375,44.608640934107825
44.59828813839704,darken,hw5k_3975.jpg,1120,0,1376,256,0.0748291015625,0.844512939453125,26.41455841064453,52.809478759765625,1.9765776740387082,44.59828813839704
44.58943452592939,darken,hw5k_4010.jpg,480,1760,736,2016,0.0738372802734375,0.880401611328125,18.060136795043945,50.646697998046875,1.333511382312281,44.58943452592939
44.57598838605918,darken,hw5k_4136.jpg,480,480,736,736,0.0399627685546875,0.87310791015625,7.117220401763916,51.054386138916016,0.28442383166839136,44.57598838605918
44.524611408181954,darken,hw5k_4010.jpg,640,1440,896,1696,0.080596923828125,0.8678741455078125,16.107913970947266,51.30307388305664,1.2982483153464273,44.524611408181954
44.51893384498544,darken,hw5k_3510.jpg,1120,160,1376,416,0.045257568359375,0.8506927490234375,10.82872486114502,52.33256530761719,0.4900817556481343,44.51893384498544
44.50200045481324,darken,hw5k_3457.jpg,640,480,896,736,0.0452880859375,0.88916015625,22.7962703704834,50.049476623535156,1.0323994515929371,44.50200045481324
44.44820491637802,darken,hw5k_3385.jpg,640,1600,896,1856,0.0670928955078125,0.8945159912109375,15.831550598144531,49.68967056274414,1.0621845700079575,44.44820491637802
44.37472424702719,darken,hw5k_3797.jpg,1120,1600,1376,1856,0.102203369140625,0.8817291259765625,54.62003707885742,50.326934814453125,5.58235181204509,44.37472424702719
44.34940181160346,darken,hw5k_4136.jpg,960,960,1216,1216,0.01202392578125,0.9707489013671875,15.315144538879395,45.685760498046875,0.1841481612646021,44.34940181160346
44.34451758605428,darken,hw5k_4010.jpg,1120,1280,1376,1536,0.09283447265625,0.85504150390625,21.951948165893555,51.8624153137207,2.0378975317580625,44.34451758605428
44.324013100755835,darken,hw5k_539.jpg,1440,2240,1669,2397,0.14927822434845492,0.7886407253914833,45.37364196777344,56.20304870605469,6.773296705171752,44.324013100755835
44.31651906640036,darken,hw5k_3510.jpg,1600,480,1856,736,0.063262939453125,0.8683929443359375,15.507555961608887,51.03279495239258,0.9810535738652106,44.31651906640036
44.29692157008685,darken,hw5k_4010.jpg,1280,1600,1536,1856,0.0619964599609375,0.89727783203125,17.178274154663086,49.36812210083008,1.0649921858275775,44.29692157008685
44.29250478907488,brighten,hw5k_743.jpg,1120,1760,1376,2016,0.82806396484375,0.1341400146484375,53.48923110961914,65.8674087524414,44.29250478907488,8.83545517490711
44.280372746288776,brighten,hw5k_3957.jpg,1440,1440,1696,1696,0.7952880859375,0.1248779296875,55.67840576171875,34.37007522583008,44.280372746288776,4.292063837405294
44.26616884069517,darken,hw5k_3385.jpg,640,1440,896,1696,0.067962646484375,0.8995361328125,20.85024642944336,49.20999526977539,1.4170379271963611,44.26616884069517
44.23795755591709,darken,hw5k_4010.jpg,1440,1600,1696,1856,0.07110595703125,0.9016571044921875,21.636625289916992,49.062950134277344,1.5384929481660947,44.23795755591709
44.13172549079172,darken,hw5k_4136.jpg,1600,640,1856,896,0.08245849609375,0.85394287109375,19.706453323364258,51.67995071411133,1.6249645043862984,44.13172549079172
44.11722823565974,darken,hw5k_3403.jpg,1600,640,1839,896,0.11759610355648535,0.818498300209205,20.87639617919922,53.90020751953125,2.4549828469753265,44.11722823565974
44.08368154842174,darken,hw5k_3993.jpg,640,1440,896,1696,0.058380126953125,0.8957366943359375,19.89118194580078,49.21500015258789,1.1612497272435576,44.08368154842174
44.052225691848435,darken,hw5k_4010.jpg,640,1920,896,2176,0.0862274169921875,0.884674072265625,23.227569580078125,49.794864654541016,2.002853327896446,44.052225691848435
44.01721982238814,darken,hw5k_3797.jpg,960,2240,1216,2496,0.196044921875,0.7867279052734375,40.2762565612793,55.949737548828125,7.895955570973456,44.01721982238814
43.989615382801276,darken,hw5k_3493.jpg,1280,320,1536,576,0.0762481689453125,0.8194122314453125,8.515376091003418,53.68435287475586,0.6492818348197034,43.989615382801276
43.95788534311578,brighten,hw5k_743.jpg,1120,1920,1376,2176,0.818084716796875,0.105712890625,53.73268127441406,55.806053161621094,43.95788534311578,5.899419194087386
43.90514302952215,darken,hw5k_4010.jpg,1600,960,1856,1216,0.14111328125,0.7877197265625,22.71017074584961,55.73701095581055,3.204706711694598,43.90514302952215
43.89530121855205,darken,hw5k_3993.jpg,480,960,736,1216,0.048736572265625,0.8866729736328125,15.696931838989258,49.5056266784668,0.7650146529194899,43.89530121855205
43.865520759136416,darken,hw5k_3993.jpg,1600,800,1856,1056,0.084686279296875,0.8477020263671875,17.34504508972168,51.74639129638672,1.4688873328850605,43.865520759136416
43.859504783991724,darken,hw5k_4118.jpg,320,2240,576,2496,0.104034423828125,0.859710693359375,22.807275772094727,51.01658630371094,2.3727417940390296,43.859504783991724
43.816535980440676,darken,hw5k_4010.jpg,960,800,1216,1056,0.0457611083984375,0.885162353515625,21.401578903198242,49.501129150390625,0.9793599720869679,43.816535980440676
43.775838271016255,darken,hw5k_3797.jpg,800,1920,1056,2176,0.3058624267578125,0.674346923828125,50.72157669067383,64.91590118408203,15.513824535591993,43.775838271016255
43.76564476480045,darken,hw5k_3385.jpg,1600,800,1839,1056,0.075836820083682,0.8571195083682008,22.117311477661133,51.061309814453125,1.6773065712661424,43.76564476480045
43.74022227269597,darken,hw5k_3385.jpg,1280,800,1536,1056,0.06549072265625,0.86981201171875,19.846534729003906,50.286983489990234,1.2997639016248286,43.74022227269597
43.68812890024856,darken,hw5k_3385.jpg,1120,480,1376,736,0.039093017578125,0.90191650390625,22.8143367767334,48.43921661376953,0.8918812686461024,43.68812890024856
43.66489442117745,darken,hw5k_4028.jpg,480,640,736,896,0.0746002197265625,0.8386688232421875,10.145563125610352,52.06452560424805,0.7568612384202424,43.66489442117745
43.64315986212562,darken,hw5k_4010.jpg,1760,1440,1930,1696,0.10712316176470588,0.8400275735294118,26.300872802734375,51.954437255859375,2.8174326518002677,43.64315986212562
43.61729491042206,brighten,hw5k_3957.jpg,480,1120,736,1376,0.7025299072265625,0.2093353271484375,62.08603286743164,40.29810333251953,43.61729491042206,8.435816644574516
43.54560577502707,darken,hw5k_4136.jpg,480,1120,736,1376,0.0262298583984375,0.9050445556640625,23.887725830078125,48.114322662353516,0.6265716659836471,43.54560577502707
43.54379248194164,darken,hw5k_4010.jpg,960,1120,1216,1376,0.073883056640625,0.8803558349609375,29.367822647094727,49.46158218383789,2.1697845040471293,43.54379248194164
43.539301335345954,darken,hw5k_4136.jpg,800,480,1056,736,0.01873779296875,0.9236602783203125,8.224754333496094,47.137786865234375,0.1541137439198792,43.539301335345954
43.53923949121963,darken,hw5k_4118.jpg,480,480,736,736,0.04461669921875,0.895233154296875,11.218993186950684,48.634525299072266,0.5005544445593841,43.53923949121963
43.518956979271024,darken,hw5k_3797.jpg,160,2080,416,2336,0.3564910888671875,0.6201019287109375,63.447757720947266,70.18032836914062,22.618560236121994,43.518956979271024
43.472952876705676,darken,hw5k_3385.jpg,640,960,896,1216,0.0572662353515625,0.892608642578125,13.618793487548828,48.70326232910156,0.7798970330622979,43.472952876705676
43.44150545226876,darken,hw5k_3707.jpg,1600,2400,1856,2656,0.176544189453125,0.796844482421875,29.595565795898438,54.51691818237305,5.22492517484352,43.44150545226876
43.38169062137604,darken,hw5k_4010.jpg,480,1280,736,1536,0.0484619140625,0.890625,11.26175308227539,48.709266662597656,0.5457661100663245,43.38169062137604
43.329353218723554,darken,hw5k_4010.jpg,1440,1440,1696,1696,0.1654815673828125,0.8081817626953125,24.318763732910156,53.61337661743164,4.024307139334269,43.329353218723554
43.274308313266374,darken,hw5k_3493.jpg,640,1120,896,1376,0.1042633056640625,0.826263427734375,20.58768653869629,52.37350082397461,2.146540254499996,43.274308313266374
43.26913527154829,brighten,hw5k_743.jpg,1440,960,1696,1216,0.813079833984375,0.1315460205078125,53.21634292602539,56.866756439208984,43.26913527154829,7.480595508764964
43.18687789142132,darken,hw5k_4136.jpg,960,800,1216,1056,0.0169677734375,0.955078125,13.467026710510254,45.218162536621094,0.2285054581006989,43.18687789142132
43.11024378641741,darken,hw5k_3367.jpg,480,1280,736,1536,0.0931396484375,0.8491058349609375,15.7463960647583,50.77134323120117,1.4666137936292216,43.11024378641741
43.099857019260526,darken,hw5k_4010.jpg,320,1440,576,1696,0.0813140869140625,0.8673095703125,13.35666561126709,49.69374084472656,1.0860850683966419,43.099857019260526
43.07758327934425,darken,hw5k_3385.jpg,480,800,736,1056,0.0392303466796875,0.9027557373046875,13.506806373596191,47.717872619628906,0.5298766965715913,43.07758327934425
43.061140934587456,darken,hw5k_4118.jpg,1280,640,1536,896,0.07427978515625,0.849456787109375,15.89290714263916,50.692562103271484,1.180521728063468,43.061140934587456
42.99313050205819,darken,hw5k_3457.jpg,960,160,1216,416,0.0837554931640625,0.83270263671875,21.125219345092773,51.63083267211914,1.7693531644472387,42.99313050205819
42.89779344480485,brighten,hw5k_743.jpg,480,1280,736,1536,0.8590087890625,0.105194091796875,49.93871307373047,67.59312438964844,42.89779344480485,7.110397331882268
42.8648823085241,darken,hw5k_4136.jpg,1120,800,1376,1056,0.0265655517578125,0.92169189453125,10.846065521240234,46.506736755371094,0.28813171497313306,42.8648823085241
42.85051582287997,darken,hw5k_4118.jpg,0,480,256,736,0.03472900390625,0.805908203125,4.893965721130371,53.170467376708984,0.16996255464619026,42.85051582287997
42.838251568202395,darken,hw5k_3510.jpg,480,480,736,736,0.0716552734375,0.8302154541015625,7.982466697692871,51.59895706176758,0.5719858339289203,42.838251568202395
42.797008653287776,darken,hw5k_3510.jpg,960,480,1216,736,0.0433502197265625,0.8629608154296875,9.85380744934082,49.593223571777344,0.42716471807216294,42.797008653287776
42.7798914082814,darken,hw5k_4136.jpg,800,1120,1056,1376,0.0113983154296875,0.937652587890625,10.568942070007324,45.62445831298828,0.12046813547203783,42.7798914082814
42.772411342011765,darken,hw5k_3385.jpg,1440,480,1696,736,0.063751220703125,0.842376708984375,18.75067710876465,50.77587127685547,1.1953785546938889,42.772411342011765
42.769374041003175,brighten,hw5k_743.jpg,320,1280,576,1536,0.8153228759765625,0.0857391357421875,52.45697784423828,54.19309616088867,42.769374041003175,4.646469228027854
42.76349518680945,darken,hw5k_4118.jpg,320,1440,576,1696,0.0617218017578125,0.878753662109375,12.386897087097168,48.66380310058594,0.7645416064042365,42.76349518680945
42.76264346425887,darken,hw5k_4010.jpg,480,2080,736,2336,0.0830841064453125,0.8409576416015625,9.97153377532959,50.849937438964844,0.8284759736125125,42.76264346425887
42.70043582690414,darken,hw5k_3385.jpg,1120,960,1376,1216,0.0650634765625,0.886016845703125,18.245466232299805,48.19370651245117,1.1871134645771235,42.70043582690414
42.56271261605434,darken,hw5k_4118.jpg,1440,960,1696,1216,0.0849456787109375,0.83990478515625,16.789474487304688,50.67564010620117,1.426193305524066,42.56271261605434
42.50188413471915,darken,hw5k_4136.jpg,1120,1120,1376,1376,0.03179931640625,0.92474365234375,8.222808837890625,45.96072006225586,0.26147969998419285,42.50188413471915
42.4920576903387,darken,hw5k_3385.jpg,480,1600,736,1856,0.0854339599609375,0.8572540283203125,14.477168083190918,49.5676383972168,1.2368417983670952,42.4920576903387
42.48386259475956,darken,hw5k_4118.jpg,160,800,416,1056,0.0360260009765625,0.9005889892578125,7.916419982910156,47.17341995239258,0.2851969540352002,42.48386259475956
42.39177321747411,darken,hw5k_4010.jpg,1280,1440,1536,1696,0.1734771728515625,0.791839599609375,24.278121948242188,53.53580856323242,4.211699957726523,42.39177321747411
42.377009564079344,darken,hw5k_3385.jpg,1120,1280,1376,1536,0.05303955078125,0.8874664306640625,9.531645774841309,47.75054931640625,0.5055542101035826,42.377009564079344
42.34345129725989,darken,hw5k_3975.jpg,640,160,896,416,0.2039642333984375,0.7525482177734375,27.417695999145508,56.266761779785156,5.59222934601712,42.34345129725989
42.29144808551064,darken,hw5k_4118.jpg,1440,640,1696,896,0.09893798828125,0.8207855224609375,15.668669700622559,51.525577545166016,1.5502266592229716,42.29144808551064
42.26425919344183,darken,hw5k_3457.jpg,800,320,1056,576,0.1259307861328125,0.7865447998046875,25.367782592773438,53.73407745361328,3.1945848043542355,42.26425919344183
42.2436001196038,darken,hw5k_3457.jpg,800,160,1056,416,0.1106414794921875,0.7987823486328125,23.887460708618164,52.88499450683594,2.6429439941130113,42.2436001196038
42.23844483064022,darken,hw5k_4136.jpg,1440,1280,1696,1536,0.0135345458984375,0.9158172607421875,6.400224208831787,46.12104034423828,0.08662412831472466,42.23844483064022
42.23099199164426,darken,hw5k_3975.jpg,960,320,1216,576,0.005126953125,0.9570159912109375,10.519841194152832,44.12778091430664,0.053934732684865594,42.23099199164426
42.22324315755395,darken,hw5k_3403.jpg,1440,640,1696,896,0.1153564453125,0.8207550048828125,24.35145378112793,51.444393157958984,2.8090971463825554,42.22324315755395
42.212284261593595,darken,hw5k_3385.jpg,640,800,896,1056,0.0514373779296875,0.9015350341796875,17.20359992980957,46.82267761230469,0.8849080713407602,42.212284261593595
42.208620693243574,darken,hw5k_4136.jpg,1280,320,1536,576,0.049896240234375,0.8416595458984375,8.992762565612793,50.1492805480957,0.4487050413445104,42.208620693243574
42.18365084694233,darken,hw5k_3510.jpg,1440,320,1696,576,0.11181640625,0.780364990234375,20.529930114746094,54.05630874633789,2.2955830059945583,42.18365084694233
42.17512111790711,darken,hw5k_3385.jpg,1280,480,1536,736,0.0565948486328125,0.8747100830078125,20.053653717041016,48.21611404418945,1.134933496650774,42.17512111790711
42.16555187758058,darken,hw5k_4136.jpg,1120,320,1376,576,0.037139892578125,0.8714447021484375,8.785400390625,48.38580322265625,0.3262888267636299,42.16555187758058
42.14536448533181,darken,hw5k_4118.jpg,1280,1760,1536,2016,0.0685577392578125,0.8723602294921875,11.39602279663086,48.31188201904297,0.7812855594675057,42.14536448533181
42.14430668827845,darken,hw5k_4010.jpg,160,1600,416,1856,0.1078643798828125,0.8179473876953125,13.271467208862305,51.524471282958984,1.431518580619013,42.14430668827845
42.13957510498585,darken,hw5k_3510.jpg,640,480,896,736,0.0711669921875,0.8250274658203125,8.633074760437012,51.07657241821289,0.6143899640301242,42.13957510498585
42.095466446946375,darken,hw5k_4010.jpg,480,1120,736,1376,0.032806396484375,0.8909759521484375,9.057985305786133,47.24646759033203,0.2971598572912626,42.095466446946375
42.08514105156064,darken,hw5k_4118.jpg,960,1120,1216,1376,0.048248291015625,0.90557861328125,18.010541915893555,46.47320556640625,0.8689778677071445,42.08514105156064
42.02846086025238,darken,hw5k_3510.jpg,1440,800,1696,1056,0.0286102294921875,0.88671875,7.238223075866699,47.397735595703125,0.20708722331619356,42.02846086025238
41.97705116413999,darken,hw5k_3349.jpg,640,160,896,416,0.0900421142578125,0.8388824462890625,24.22928237915039,50.03925323486328,2.1816558123682626,41.97705116413999
41.96696957317181,brighten,hw5k_4885.jpg,320,2400,576,2656,0.579803466796875,0.0807647705078125,72.3813705444336,13.477863311767578,41.96696957317181,1.0885365373105742
41.953558415931184,darken,hw5k_4136.jpg,640,320,896,576,0.0359039306640625,0.8740692138671875,8.277377128601074,47.997982025146484,0.2971903745055897,41.953558415931184
41.85427849960979,darken,hw5k_3510.jpg,640,960,896,1216,0.0483245849609375,0.875762939453125,10.035468101501465,47.79179000854492,0.4849598308937857,41.85427849960979
41.81419464293867,brighten,hw5k_3921.jpg,1760,1920,1920,2176,0.6256103515625,0.2794921875,66.83744049072266,12.173126220703125,41.81419464293867,3.402293676137924
41.806433031277265,darken,hw5k_4136.jpg,1440,800,1696,1056,0.0300445556640625,0.8849945068359375,6.788386344909668,47.239200592041016,0.2039540514088003,41.806433031277265
41.80017522844719,brighten,hw5k_3957.jpg,1440,1280,1696,1536,0.7592926025390625,0.1230010986328125,55.05147171020508,13.739568710327148,41.80017522844719,1.689982046111254
41.700117702712305,brighten,hw5k_1046.jpg,1120,320,1376,576,0.6478118896484375,0.329071044921875,64.37071990966797,16.657161712646484,41.700117702712305,5.481389610213228
41.670929757878184,darken,hw5k_4136.jpg,1280,800,1536,1056,0.0226898193359375,0.911376953125,7.373010635375977,45.723045349121094,0.16729227927862667,41.670929757878184
41.64603429287672,darken,hw5k_3797.jpg,1760,2400,2016,2656,0.1422119140625,0.701171875,24.211442947387695,59.394901275634766,3.4431556437630206,41.64603429287672
41.62665244657546,brighten,hw5k_743.jpg,800,960,1056,1216,0.738525390625,0.1727294921875,56.36455154418945,57.777706146240234,41.62665244657546,9.979913842398673
41.61842985230032,darken,hw5k_629.jpg,960,320,1216,576,0.0910797119140625,0.873382568359375,41.58631134033203,47.65200424194336,3.7876692564459518,41.61842985230032
41.60036444175057,darken,hw5k_318.jpg,480,160,736,416,0.2703857421875,0.6180877685546875,5.2870965003967285,67.30494689941406,1.4295555112767033,41.60036444175057
41.55567223532125,darken,hw5k_629.jpg,960,480,1216,736,0.1946868896484375,0.7762451171875,35.44499588012695,53.53421401977539,6.900676001503598,41.55567223532125
41.550936800194904,darken,hw5k_4136.jpg,800,160,1056,416,0.027008056640625,0.8486175537109375,6.96610164642334,48.96308898925781,0.18814086783095263,41.550936800194904
41.536505745432805,darken,hw5k_3367.jpg,1120,1120,1376,1376,0.1076812744140625,0.7947235107421875,11.632893562316895,52.26535415649414,1.2526448039134266,41.536505745432805
41.508009342476726,darken,hw5k_3493.jpg,1440,640,1696,896,0.094024658203125,0.798095703125,10.50876235961914,52.008811950683594,0.9880827890010551,41.508009342476726
41.50506945961388,darken,hw5k_3975.jpg,480,320,736,576,0.099334716796875,0.8315582275390625,18.982847213745117,49.91240310668945,1.8856557519757189,41.50506945961388
41.48715885315323,darken,hw5k_3797.jpg,1600,2400,1856,2656,0.07177734375,0.9137115478515625,28.84204864501953,45.405094146728516,2.0702056400477886,41.48715885315323
41.485598340281285,darken,hw5k_3349.jpg,640,1120,896,1376,0.0759735107421875,0.823028564453125,8.35368537902832,50.40602493286133,0.6346588058804628,41.485598340281285
41.47180293046404,darken,hw5k_3457.jpg,800,0,1056,256,0.09075927734375,0.781707763671875,26.970468521118164,53.05282211303711,2.4478202325990424,41.47180293046404
41.467994255013764,brighten,hw5k_1011.jpg,1920,480,2176,736,0.6144256591796875,0.36285400390625,67.49066162109375,18.12664794921875,41.467994255013764,6.577326785773039
41.45667266275268,darken,hw5k_4028.jpg,320,640,576,896,0.1473541259765625,0.7968902587890625,19.290912628173828,52.02306365966797,2.8425955696147867,41.45667266275268
41.452911988133565,darken,hw5k_4118.jpg,1600,1280,1856,1536,0.075531005859375,0.8595123291015625,17.543567657470703,48.22840881347656,1.3250833115307614,41.452911988133565
41.424957127310336,darken,hw5k_3510.jpg,480,960,736,1216,0.0377349853515625,0.85369873046875,9.133710861206055,48.52409362792969,0.3446604455530178,41.424957127310336
41.42293930373853,darken,hw5k_3403.jpg,160,320,416,576,0.1226959228515625,0.7685089111328125,8.493719100952148,53.9004020690918,1.0421447035332676,41.42293930373853
41.41547640814679,darken,hw5k_3975.jpg,480,480,736,736,0.070953369140625,0.8316802978515625,14.64716911315918,49.7973518371582,1.0392659969511442,41.41547640814679
41.41493915900355,darken,hw5k_3349.jpg,480,160,736,416,0.0876312255859375,0.8211517333984375,13.466015815734863,50.435184478759766,1.180043469692464,41.41493915900355
41.37290240050061,darken,hw5k_318.jpg,320,0,576,256,0.19110107421875,0.7111968994140625,7.230622291564941,58.17362594604492,1.3817796871881,41.37290240050061
41.36837892484618,darken,hw5k_4118.jpg,1440,1440,1696,1696,0.0951690673828125,0.8439483642578125,17.736412048339844,49.01766586303711,1.687957793357782,41.36837892484618
41.362855947762725,darken,hw5k_3993.jpg,1760,800,1920,1056,0.0970458984375,0.837060546875,18.215261459350586,49.41441345214844,1.767716413596645,41.362855947762725
41.34943011717405,darken,hw5k_3385.jpg,320,1120,576,1376,0.0970306396484375,0.8348236083984375,13.492846488952637,49.530738830566406,1.3092195255012484,41.34943011717405
41.34065544808982,darken,hw5k_3385.jpg,960,640,1216,896,0.0276336669921875,0.9252471923828125,24.755386352539062,44.680660247802734,0.6840821027290076,41.34065544808982
41.338889122824185,darken,hw5k_3385.jpg,1280,1120,1536,1376,0.095672607421875,0.854400634765625,12.734024047851562,48.38349533081055,1.2182972836308181,41.338889122824185
41.32621400349308,brighten,hw5k_743.jpg,320,1760,576,2016,0.8238372802734375,0.1341552734375,50.16307830810547,57.7490119934082,41.32621400349308,7.747334494721144
41.32239461224526,darken,hw5k_3797.jpg,160,1120,416,1376,0.15533447265625,0.6087646484375,26.89879035949707,67.87909698486328,4.178309415583499,41.32239461224526
41.31168465455994,darken,hw5k_3493.jpg,1120,320,1376,576,0.065399169921875,0.8070220947265625,8.246771812438965,51.190277099609375,0.5393320310686249,41.31168465455994
41.29204493237194,darken,hw5k_4118.jpg,320,800,576,1056,0.036834716796875,0.872283935546875,7.6467814445495605,47.33784866333008,0.2816670289175818,41.29204493237194
41.2516792002134,brighten,hw5k_743.jpg,1440,1440,1696,1696,0.930328369140625,0.0087127685546875,44.34098815917969,58.7962646484375,41.2516792002134,0.5122782457619905
41.097159359254874,brighten,hw5k_743.jpg,800,1440,1056,1696,0.8716278076171875,0.0374298095703125,47.14989471435547,50.691532135009766,41.097159359254874,1.8973743946407922
41.090621675597504,brighten,hw5k_3331.jpg,480,1280,736,1536,0.7481231689453125,0.1626434326171875,54.92494201660156,36.65428161621094,41.090621675597504,5.961578182177618
41.02759089739993,brighten,hw5k_743.jpg,800,1600,1056,1856,0.83917236328125,0.0950775146484375,48.890541076660156,67.52426147460938,41.02759089739993,6.420038959477097
41.01718112913659,brighten,hw5k_3707.jpg,160,2400,416,2656,0.6638946533203125,0.3079681396484375,61.78266525268555,52.69446563720703,41.01718112913659,16.228216552059166
40.75865725846961,brighten,hw5k_1011.jpg,1600,960,1856,1216,0.5954437255859375,0.3675994873046875,68.45089721679688,18.125577926635742,40.75865725846961,6.6629531529324595
40.737918415572494,brighten,hw5k_3654.jpg,800,1600,1056,1856,0.570953369140625,0.3446197509765625,71.35069274902344,15.567870140075684,40.737918415572494,5.364995530908345
40.72300851571409,brighten,hw5k_4833.jpg,1760,480,1997,736,0.5568631329113924,0.2713607594936709,73.1292953491211,28.447765350341797,40.72300851571409,7.719607211366484
40.67825779784471,brighten,hw5k_3957.jpg,1600,1440,1856,1696,0.7242889404296875,0.135467529296875,56.16302490234375,13.831605911254883,40.67825779784471,1.8737334790057503
40.59506868140306,brighten,hw5k_743.jpg,640,1440,896,1696,0.8493194580078125,0.050537109375,47.79717254638672,59.87036895751953,40.59506868140306,3.0256753843277693
40.42833972454537,brighten,hw5k_743.jpg,1280,800,1536,1056,0.7970123291015625,0.0905303955078125,50.72486114501953,51.743080139160156,40.42833972454537,4.684321509790607
40.39516080537578,brighten,hw5k_708.jpg,1280,2080,1536,2336,0.7461700439453125,0.1820220947265625,54.13666915893555,65.61734771728516,40.39516080537578,11.943807081901468
40.36384503520094,brighten,hw5k_3797.jpg,0,1280,256,1536,0.5604705810546875,0.3562469482421875,72.01777648925781,58.41245651245117,40.36384503520094,20.80925937189022
40.27234770194627,brighten,hw5k_1046.jpg,960,640,1216,896,0.5593719482421875,0.41754150390625,71.99565124511719,23.38490867614746,40.27234770194627,9.764169937348925
40.16410682722926,brighten,hw5k_1046.jpg,1920,1120,2176,1376,0.5054931640625,0.479461669921875,79.45529174804688,20.232141494750977,40.16410682722926,9.700536347168963
39.95014771819115,brighten,hw5k_1046.jpg,1760,640,2016,896,0.5166015625,0.47271728515625,77.33261108398438,15.463581085205078,39.95014771819115,7.309902069391683
39.801177139393985,brighten,hw5k_1046.jpg,960,320,1216,576,0.51898193359375,0.4669036865234375,76.69087219238281,20.26158905029297,39.801177139393985,9.460210622404702
39.71395757608116,brighten,hw5k_4957.jpg,1280,1920,1536,2176,0.353271484375,0.1940155029296875,112.41767120361328,6.487196922302246,39.71395757608116,1.2586167734843912
39.70154459006153,brighten,hw5k_3957.jpg,480,1280,736,1536,0.7555389404296875,0.1599578857421875,52.54731750488281,39.22258377075195,39.70154459006153,6.273961573315319
39.66708279796876,brighten,hw5k_1269.jpg,1280,640,1536,896,0.6645965576171875,0.2998046875,59.68595886230469,31.66449546813965,39.66708279796876,9.493164168670774
39.33972949068993,brighten,hw5k_3957.jpg,960,1120,1216,1376,0.6275634765625,0.240142822265625,62.68645477294922,33.72880935668945,39.33972949068993,8.099731470574625
39.25437116995454,brighten,hw5k_4957.jpg,640,1760,896,2016,0.367431640625,0.154144287109375,106.83448791503906,14.083975791931152,39.25437116995454,2.1709644081129227
39.205990731716156,brighten,hw5k_743.jpg,320,800,576,1056,0.799560546875,0.053131103515625,49.034423828125,52.72917938232422,39.205990731716156,2.8015594880562276
39.16949033597484,brighten,hw5k_1011.jpg,1920,320,2176,576,0.50970458984375,0.4725341796875,76.8474349975586,19.051246643066406,39.16949033597484,9.002365204505622
38.910080996342,brighten,hw5k_743.jpg,640,1280,896,1536,0.7463531494140625,0.1406097412109375,52.13360595703125,52.34816360473633,38.910080996342,7.360661737329792
38.8817172012059,brighten,hw5k_3707.jpg,1440,2240,1696,2496,0.5041961669921875,0.4781951904296875,77.11624908447266,43.66691207885742,38.8817172012059,20.881307337025646
38.845930945535656,brighten,hw5k_743.jpg,1280,1920,1536,2176,0.6304168701171875,0.16729736328125,61.61943435668945,32.0892333984375,38.845930945535656,5.368444137275219
38.62712823715992,brighten,hw5k_3921.jpg,1600,1920,1856,2176,0.63775634765625,0.248687744140625,60.56721878051758,9.98604965209961,38.62712823715992,2.483408160856925
38.481422167271376,brighten,hw5k_5028.jpg,1120,1440,1376,1696,0.53173828125,0.0507049560546875,72.36910247802734,31.893169403076172,38.481422167271376,1.6171417530276813
38.39156866190024,brighten,hw5k_4761.jpg,800,1600,1056,1856,0.529632568359375,0.363555908203125,72.48717498779297,27.617292404174805,38.39156866190024,10.040429822111037
38.34806405293057,brighten,hw5k_1046.jpg,1280,160,1536,416,0.6610565185546875,0.31964111328125,58.0102653503418,13.646222114562988,38.34806405293057,4.361893628782127
38.11556890886277,brighten,hw5k_743.jpg,960,640,1216,896,0.75799560546875,0.1258392333984375,50.28468322753906,42.35887908935547,38.11556890886277,5.3304088722215965
38.10427709831856,brighten,hw5k_3957.jpg,1120,1120,1376,1376,0.594329833984375,0.2662811279296875,64.1130142211914,24.04261589050293,38.10427709831856,6.402094877703348
38.047222152817994,brighten,hw5k_3707.jpg,640,2400,896,2656,0.6097412109375,0.3653717041015625,62.39896774291992,58.96330642700195,38.047222152817994,21.543523748696316
37.950424439739436,brighten,hw5k_743.jpg,1280,960,1536,1216,0.7230682373046875,0.177947998046875,52.485260009765625,55.70147705078125,37.950424439739436,9.911966329440475
37.94134961301461,brighten,hw5k_3957.jpg,1120,960,1376,1216,0.653594970703125,0.2401580810546875,58.05024719238281,42.000083923339844,37.94134961301461,10.086659559165128
37.90120692877099,brighten,hw5k_3331.jpg,320,1120,576,1376,0.660614013671875,0.1757354736328125,57.37269592285156,37.82981491088867,37.90120692877099,6.648040440806653
37.83320624468615,brighten,hw5k_743.jpg,800,1760,1056,2016,0.7960662841796875,0.149017333984375,47.52519607543945,69.2115478515625,37.83320624468615,10.313720341771841
37.792319353320636,brighten,hw5k_3957.jpg,960,1760,1216,2016,0.676727294921875,0.194976806640625,55.8457145690918,44.5902099609375,37.792319353320636,8.694056745618582
37.781930373515934,brighten,hw5k_743.jpg,1440,800,1696,1056,0.85809326171875,0.0669708251953125,44.03009796142578,58.59398651123047,37.781930373515934,3.9240876281401142
37.75195460912073,brighten,hw5k_743.jpg,640,1600,896,1856,0.8005523681640625,0.1221771240234375,47.15738296508789,64.86998748779297,37.75195460912073,7.92562850669492
37.586709070717916,brighten,hw5k_743.jpg,320,640,576,896,0.812164306640625,0.05841064453125,46.279685974121094,36.726051330566406,37.586709070717916,2.1451923293061554
37.397889240062796,brighten,hw5k_3957.jpg,1280,1280,1536,1536,0.6708221435546875,0.2034454345703125,55.74933624267578,13.640417098999023,37.397889240062796,2.7750805844261777
37.38625035592122,brighten,hw5k_743.jpg,1440,1120,1696,1376,0.7813262939453125,0.126220703125,47.849727630615234,55.96478271484375,37.38625035592122,7.0639142245054245
37.2004157921765,brighten,hw5k_3957.jpg,640,1440,896,1696,0.66461181640625,0.235870361328125,55.973148345947266,41.353668212890625,37.2004157921765,9.754104663617909
37.11468613211764,brighten,hw5k_1011.jpg,1600,640,1856,896,0.5917205810546875,0.3737335205078125,62.723331451416016,11.35395336151123,37.11468613211764,4.243352961479104
37.114579304354265,brighten,hw5k_743.jpg,640,1760,896,2016,0.7758636474609375,0.1639556884765625,47.83647155761719,65.85028839111328,37.114579304354265,10.79652936954517
37.103181432466954,brighten,hw5k_743.jpg,480,800,736,1056,0.79339599609375,0.110504150390625,46.76502227783203,49.25918197631836,37.103181432466954,5.443344053230248
36.959203387610614,brighten,hw5k_1046.jpg,800,480,1056,736,0.51092529296875,0.4749603271484375,72.33778381347656,18.670425415039062,36.959203387610614,8.867711363127455
36.946170672774315,brighten,hw5k_1011.jpg,1440,480,1696,736,0.5677490234375,0.402130126953125,65.0748291015625,21.196857452392578,36.946170672774315,8.523894978337921
36.877175554283895,brighten,hw5k_743.jpg,320,1920,576,2176,0.7989349365234375,0.1142730712890625,46.157920837402344,57.06525421142578,36.877175554283895,6.521021862630732
36.75437135109678,brighten,hw5k_1046.jpg,1760,960,2016,1216,0.5470733642578125,0.436798095703125,67.18362426757812,13.781249046325684,36.75437135109678,6.019623339845566
36.73410114389844,brighten,hw5k_743.jpg,1440,2240,1696,2496,0.628387451171875,0.2367095947265625,58.457725524902344,42.10792922973633,36.73410114389844,9.967350862745661
36.73179628851358,brighten,hw5k_743.jpg,320,960,576,1216,0.758636474609375,0.104339599609375,48.41817855834961,49.636444091796875,36.73179628851358,5.179046702571213
36.71726288739592,brighten,hw5k_743.jpg,1280,640,1536,896,0.7732086181640625,0.0971221923828125,47.48687744140625,51.645668029785156,36.71726288739592,5.015940506127663
36.672584764659405,brighten,hw5k_4957.jpg,1280,960,1536,1216,0.364898681640625,0.032257080078125,100.500732421875,3.48313570022583,36.672584764659405,0.1123557872051606
36.62042967346497,brighten,hw5k_743.jpg,480,1440,736,1696,0.8802337646484375,0.071044921875,41.60307312011719,77.39791107177734,36.62042967346497,5.498728545382619
36.61491686291993,brighten,hw5k_4957.jpg,1120,960,1376,1216,0.39739990234375,0.0193328857421875,92.13619995117188,3.5388104915618896,36.61491686291993,0.0684154188966204
36.492866526241414,brighten,hw5k_3707.jpg,480,2400,736,2656,0.5773162841796875,0.3939208984375,63.211219787597656,54.364681243896484,36.492866526241414,21.415384078864008
36.47480284888297,brighten,hw5k_743.jpg,1440,1280,1696,1536,0.861724853515625,0.0553436279296875,42.327667236328125,61.410987854003906,36.47480284888297,3.3987068625865504
36.38360544294119,brighten,hw5k_1269.jpg,1120,480,1376,736,0.802734375,0.1669769287109375,45.324588775634766,22.672819137573242,36.38360544294119,3.7858377048105467
36.37060432927683,brighten,hw5k_1011.jpg,1600,320,1856,576,0.60052490234375,0.380126953125,60.56468963623047,14.977710723876953,36.37060432927683,5.693431542254984
36.35660445643589,brighten,hw5k_3331.jpg,800,1440,1056,1696,0.6983642578125,0.1993560791015625,52.05965805053711,44.11289596557617,36.35660445643589,8.7941739775124
36.352087904233485,brighten,hw5k_3331.jpg,480,1120,736,1376,0.66009521484375,0.2348480224609375,55.07097625732422,37.99243927001953,36.352087904233485,8.92244923103135
36.34843377163634,brighten,hw5k_1011.jpg,1760,320,2016,576,0.494720458984375,0.491180419921875,73.47267150878906,14.560924530029297,36.34843377163634,7.15204102511052
36.293679617578164,brighten,hw5k_743.jpg,1280,1600,1536,1856,0.80572509765625,0.10931396484375,45.044742584228516,49.13335037231445,36.293679617578164,5.370961335254833
36.24794030911289,brighten,hw5k_3797.jpg,320,1920,576,2176,0.6031036376953125,0.3699951171875,60.10234069824219,45.040828704833984,36.24794030911289,16.664886694867164
36.24053511279635,brighten,hw5k_743.jpg,960,1760,1216,2016,0.8300628662109375,0.133544921875,43.65998840332031,72.20966339111328,36.24053511279635,9.64323385618627
36.23864951916039,brighten,hw5k_1046.jpg,1760,800,2016,1056,0.558837890625,0.422454833984375,64.84644317626953,14.115092277526855,36.23864951916039,5.962988964776741
36.030720918788575,brighten,hw5k_743.jpg,1280,1440,1536,1696,0.847320556640625,0.03863525390625,42.523128509521484,43.911537170410156,36.030720918788575,1.696533387992531
35.910142465727404,brighten,hw5k_4921.jpg,320,2400,576,2656,0.5461883544921875,0.07794189453125,65.74681091308594,12.028322219848633,35.910142465727404,0.937510221847333
35.88063350704033,brighten,hw5k_5028.jpg,1120,1600,1376,1856,0.5160675048828125,0.0577239990234375,69.52701568603516,31.0681095123291,35.88063350704033,1.7933755231497344
35.77340146363713,brighten,hw5k_1011.jpg,1440,960,1696,1216,0.5327911376953125,0.40576171875,67.14338684082031,25.740095138549805,35.77340146363713,10.444345244206488
35.74502249923535,brighten,hw5k_1011.jpg,1440,640,1696,896,0.5449981689453125,0.4124603271484375,65.58741760253906,23.80706024169922,35.74502249923535,9.81946785573382
35.71584484598134,brighten,hw5k_1046.jpg,320,800,576,1056,0.4840850830078125,0.4998779296875,73.78009796142578,18.411853790283203,35.71584484598134,9.203679354395717
35.50751216488425,brighten,hw5k_743.jpg,640,640,896,896,0.828155517578125,0.106414794921875,42.87541580200195,48.48408508300781,35.50751216488425,5.159423971083015
35.498701790347695,brighten,hw5k_708.jpg,960,2080,1216,2336,0.77728271484375,0.1298370361328125,45.670257568359375,82.77458953857422,35.498701790347695,10.747207372798584
35.47957684582798,brighten,hw5k_3957.jpg,800,1440,1056,1696,0.6658477783203125,0.226409912109375,53.28481674194336,44.07011413574219,35.47957684582798,9.977910668123513
35.47068317653611,brighten,hw5k_1046.jpg,1120,640,1376,896,0.4730377197265625,0.5025634765625,74.98489379882812,18.253570556640625,35.47068317653611,9.1735778786242
35.41601925261784,brighten,hw5k_743.jpg,1120,960,1376,1216,0.624420166015625,0.2523193359375,56.7182502746582,41.67491149902344,35.41601925261784,10.515385994687676
35.40614369051764,brighten,hw5k_3331.jpg,1120,960,1376,1216,0.5560455322265625,0.283294677734375,63.67490005493164,30.633255004882812,35.40614369051764,8.678238104563206
35.39835660601966,brighten,hw5k_3957.jpg,1280,640,1536,896,0.66619873046875,0.2047576904296875,53.134830474853516,50.37744903564453,35.39835660601966,10.315170114277862
35.38530214258935,brighten,hw5k_1011.jpg,1760,1120,2016,1376,0.5372467041015625,0.4305877685546875,65.8641586303711,15.499616622924805,35.38530214258935,6.673945335118333
35.373031202936545,brighten,hw5k_4957.jpg,1280,1600,1536,1856,0.4175872802734375,0.2758331298828125,84.70811462402344,3.486902952194214,35.373031202936545,0.9618033549013489
35.3152542586904,brighten,hw5k_3957.jpg,800,1600,1056,1856,0.70819091796875,0.21063232421875,49.86685562133789,45.02127456665039,35.3152542586904,9.482935701264068
35.2220840404043,brighten,hw5k_743.jpg,800,480,1056,736,0.7327423095703125,0.1090087890625,48.06885528564453,42.59966278076172,35.2220840404043,4.643737654201686
35.197922411723994,brighten,hw5k_3331.jpg,640,1280,896,1536,0.6907806396484375,0.18798828125,50.953834533691406,31.00229835510254,35.197922411723994,5.8280687825754285
35.1795414541848,brighten,hw5k_1011.jpg,1440,800,1696,1056,0.52410888671875,0.416961669921875,67.1225814819336,21.93211555480957,35.1795414541848,9.144851526652928
35.06581494223792,brighten,hw5k_1046.jpg,1440,160,1696,416,0.637725830078125,0.3428497314453125,54.985721588134766,18.849288940429688,35.06581494223792,6.462473651161417
35.062190830067266,brighten,hw5k_743.jpg,640,1120,896,1376,0.7126312255859375,0.1908416748046875,49.20103073120117,49.45230484008789,35.062190830067266,9.437560678634327
35.02942730567884,brighten,hw5k_3654.jpg,1440,1600,1696,1856,0.6097869873046875,0.302032470703125,57.445350646972656,44.31371307373047,35.02942730567884,13.384180245688185
34.990416651126,brighten,hw5k_708.jpg,1120,2080,1376,2336,0.669403076171875,0.1787567138671875,52.27107238769531,59.382896423339844,34.990416651126,10.615091424551792
34.966408953478094,brighten,hw5k_3957.jpg,1120,1280,1376,1536,0.6972198486328125,0.1795501708984375,50.15119552612305,13.769781112670898,34.966408953478094,2.4723665520141367
34.96051271278489,brighten,hw5k_3297.jpg,1600,1920,1839,2176,0.6265363493723849,0.20055896966527198,55.79965591430664,17.20215606689453,34.96051271278489,3.4500466967975747
34.95582181488862,brighten,hw5k_3957.jpg,960,1600,1216,1856,0.6707305908203125,0.2026214599609375,52.11603927612305,35.32196044921875,34.95582181488862,7.156987194903195
34.93756046984345,brighten,hw5k_1046.jpg,1120,480,1376,736,0.52703857421875,0.4519805908203125,66.29032897949219,20.931411743164062,34.93756046984345,9.46059184637852
34.8297160359798,brighten,hw5k_743.jpg,1280,1120,1536,1376,0.756011962890625,0.1580963134765625,46.0703239440918,59.71406173706055,34.8297160359798,9.44057302334113
34.77200247813016,brighten,hw5k_743.jpg,800,1120,1056,1376,0.692138671875,0.182891845703125,50.23849105834961,55.270198822021484,34.77200247813016,10.108468674938194
34.72390397253912,brighten,hw5k_743.jpg,640,960,896,1216,0.725311279296875,0.1940155029296875,47.87448501586914,54.06648635864258,34.72390397253912,10.489736542513128
34.71114262146875,brighten,hw5k_743.jpg,800,1280,1056,1536,0.695465087890625,0.156646728515625,49.91069030761719,53.345149993896484,34.71114262146875,8.356343228719197
34.68979839293752,brighten,hw5k_1011.jpg,1120,1440,1376,1696,0.5000152587890625,0.4610748291015625,69.37747955322266,14.297863006591797,34.68979839293752,6.592384742281865
34.64776721491944,brighten,hw5k_743.jpg,960,1920,1216,2176,0.7608184814453125,0.1600494384765625,45.540122985839844,53.39463806152344,34.64776721491944,8.545781839406118
34.46056596993003,brighten,hw5k_743.jpg,800,1920,1056,2176,0.816192626953125,0.1248779296875,42.22111892700195,67.58642578125,34.46056596993003,8.440052926540375
34.439419916889165,brighten,hw5k_743.jpg,480,1920,736,2176,0.8138275146484375,0.1213226318359375,42.31783676147461,60.54417037963867,34.439419916889165,7.345378092781175
34.39745414536446,brighten,hw5k_743.jpg,480,2080,736,2336,0.79119873046875,0.1274261474609375,43.47511291503906,52.23861312866211,34.39745414536446,6.656565219687764
34.238616344402544,brighten,hw5k_3921.jpg,1440,1920,1696,2176,0.627777099609375,0.2481536865234375,54.53944778442383,9.866792678833008,34.238616344402544,2.4484809774148744
34.20616279775277,brighten,hw5k_1269.jpg,1440,960,1696,1216,0.7535400390625,0.20465087890625,45.39395523071289,25.38060188293457,34.20616279775277,5.1941624825121835
34.16524615214439,brighten,hw5k_593.jpg,960,640,1216,896,0.6920928955078125,0.160430908203125,49.365116119384766,17.794462203979492,34.16524615214439,2.8547817323706113
34.09129404666601,brighten,hw5k_743.jpg,1600,960,1856,1216,0.9453582763671875,0.0241241455078125,36.061771392822266,43.306766510009766,34.09129404666601,1.044738736760337
34.072129473031964,brighten,hw5k_743.jpg,1600,2240,1856,2496,0.7331390380859375,0.1432952880859375,46.474308013916016,61.42299270629883,34.072129473031964,8.801625434949528
34.029089724761434,brighten,scut_464.jpg,800,1120,1056,1376,0.5162200927734375,0.1164093017578125,65.91973114013672,23.22226905822754,34.029089724761434,2.703288126300322
34.01937388814986,brighten,hw5k_743.jpg,1120,800,1376,1056,0.68603515625,0.143890380859375,49.588382720947266,39.978858947753906,34.01937388814986,5.752573240315542
33.992409191210754,brighten,hw5k_3331.jpg,960,1600,1216,1856,0.653472900390625,0.208038330078125,52.01808547973633,40.5608024597168,33.992409191210754,8.438201610348187
33.97441009087488,brighten,hw5k_3957.jpg,1760,1120,1920,1376,0.6022705078125,0.24208984375,56.41054916381836,22.5523738861084,33.97441009087488,5.459700670279562
33.95240319916047,brighten,hw5k_4957.jpg,1120,640,1376,896,0.392486572265625,0.070587158203125,86.50589752197266,39.41411209106445,33.95240319916047,2.7821301656076685
33.94753668620251,brighten,hw5k_743.jpg,480,1600,736,1856,0.83319091796875,0.1278839111328125,40.7440071105957,76.90363311767578,33.94753668620251,9.834737383411266
33.92637777887285,brighten,hw5k_708.jpg,640,1920,896,2176,0.77716064453125,0.1737060546875,43.654266357421875,79.94849395751953,33.92637777887285,13.887537463568151
33.833329240442254,brighten,hw5k_1011.jpg,2080,800,2336,1056,0.4016265869140625,0.5820465087890625,84.24076080322266,24.008800506591797,33.833329240442254,13.97423851507483
33.77004269353347,brighten,hw5k_3957.jpg,640,1760,896,2016,0.7257232666015625,0.2094879150390625,46.5329475402832,48.9362678527832,33.77004269353347,10.251556722272653
33.717036978458054,brighten,hw5k_1269.jpg,800,480,1056,736,0.758270263671875,0.185455322265625,44.46572494506836,14.47611141204834,33.717036978458054,2.6846719070745166
33.61843588994816,brighten,hw5k_1046.jpg,1760,1120,2016,1376,0.57342529296875,0.40655517578125,58.627403259277344,13.359344482421875,33.61843588994816,5.431310644373298
33.61223541526124,brighten,hw5k_3797.jpg,480,2080,736,2336,0.553680419921875,0.4178009033203125,60.70692443847656,54.8338737487793,33.61223541526124,22.90964198479196
33.55267233029008,brighten,hw5k_3957.jpg,640,1600,896,1856,0.67889404296875,0.236907958984375,49.42254638671875,47.48458480834961,33.55267233029008,11.249476070166565
33.537940846639685,brighten,hw5k_708.jpg,1600,640,1856,896,0.743133544921875,0.1704254150390625,45.130435943603516,65.66267395019531,33.537940846639685,11.190588460536674
33.53664032748202,brighten,hw5k_4761.jpg,1120,960,1376,1216,0.6210479736328125,0.2266693115234375,54.00008010864258,30.502836227416992,33.53664032748202,6.914056887180777
33.527696300297976,brighten,hw5k_1046.jpg,1760,480,2016,736,0.464324951171875,0.5252532958984375,72.2073974609375,15.858903884887695,33.527696300297976,8.329941534873797
33.476494341215584,brighten,hw5k_3957.jpg,960,1920,1216,2176,0.7098236083984375,0.1632843017578125,47.16170883178711,39.9690055847168,33.476494341215584,6.5263111688545905
33.4757161635207,brighten,hw5k_1046.jpg,1440,1120,1696,1376,0.5457305908203125,0.419769287109375,61.341102600097656,15.551397323608398,33.4757161635207,6.52799896808574
33.45943481323775,brighten,hw5k_1046.jpg,800,640,1056,896,0.4008331298828125,0.584136962890625,83.47472381591797,17.494827270507812,33.45943481323775,10.219375268090516
33.449569238582626,brighten,hw5k_743.jpg,960,800,1216,1056,0.71600341796875,0.14630126953125,46.7170524597168,42.24909210205078,33.449569238582626,6.181095811072737
33.31342188315466,brighten,hw5k_593.jpg,1120,640,1376,896,0.695098876953125,0.1475372314453125,47.92616271972656,24.70734214782715,33.31342188315466,3.6452528568624984
33.310379430651665,brighten,hw5k_1046.jpg,1600,1120,1856,1376,0.556854248046875,0.413848876953125,59.81884765625,22.83403778076172,33.310379430651665,9.449840891873464
33.278809482289944,brighten,hw5k_743.jpg,480,960,736,1216,0.6819610595703125,0.214263916015625,48.7986946105957,49.16225051879883,33.278809482289944,10.533696316299029
33.27797575807199,brighten,hw5k_743.jpg,640,1920,896,2176,0.7725067138671875,0.130096435546875,43.077911376953125,64.21546173095703,33.27797575807199,8.35420267819427
33.16047631739639,brighten,hw5k_743.jpg,480,640,736,896,0.765106201171875,0.1081085205078125,43.34101104736328,45.41044616699219,33.16047631739639,4.90925615071319
33.15644919953775,brighten,hw5k_4975.jpg,1280,160,1536,416,0.5328521728515625,0.09539794921875,62.22447967529297,36.657493591308594,33.15644919953775,3.497049712110311
33.15517373196781,brighten,hw5k_743.jpg,800,2080,1056,2336,0.7789306640625,0.13134765625,42.56498718261719,61.951942443847656,33.15517373196781,8.137242440134287
33.149109489051625,brighten,hw5k_708.jpg,1760,480,2016,736,0.7448883056640625,0.1656646728515625,44.50212097167969,60.385005950927734,33.149109489051625,10.003662256000098
33.13228635757696,brighten,hw5k_743.jpg,320,1120,576,1376,0.778411865234375,0.123443603515625,42.5639533996582,50.14635467529297,33.13228635757696,6.190246724290773
33.118658881634474,brighten,hw5k_4957.jpg,640,1280,896,1536,0.335174560546875,0.004241943359375,98.8101806640625,4.037169933319092,33.118658881634474,0.017125446189311333
33.04448054608656,brighten,hw5k_1269.jpg,1280,480,1536,736,0.6548614501953125,0.3088226318359375,50.460262298583984,32.074100494384766,33.04448054608656,9.905208128446247
33.00992600619793,brighten,hw5k_743.jpg,640,800,896,1056,0.7738037109375,0.141021728515625,42.6593017578125,45.32698440551758,33.00992600619793,6.392089689266868
33.00824078905862,brighten,hw5k_1011.jpg,1120,800,1376,1056,0.6277618408203125,0.3176422119140625,52.580833435058594,31.888185501098633,33.00824078905862,10.129033776494907
32.95744302868843,brighten,hw5k_3957.jpg,1600,960,1856,1216,0.587890625,0.2275848388671875,56.06050109863281,17.798011779785156,32.95744302868843,4.05055764305871
32.884492115699686,brighten,hw5k_1011.jpg,1600,1120,1856,1376,0.5118865966796875,0.4554595947265625,64.24175262451172,14.020277976989746,32.884492115699686,6.385670125353499
32.83546534739435,brighten,hw5k_3797.jpg,320,2400,576,2656,0.5753173828125,0.395782470703125,57.07365417480469,53.83941650390625,32.83546534739435,21.30869728513062
32.82091781089548,brighten,hw5k_708.jpg,1760,640,2016,896,0.7711639404296875,0.15423583984375,42.56023406982422,69.8249282836914,32.82091781089548,10.769506455864757
32.76783881895244,brighten,hw5k_743.jpg,480,1760,736,2016,0.788055419921875,0.1619873046875,41.58062744140625,66.3344955444336,32.76783881895244,10.745346141047776
32.76344405673444,brighten,hw5k_743.jpg,1280,1280,1536,1536,0.803466796875,0.0932159423828125,40.77759552001953,65.5689468383789,32.76344405673444,6.112071170588024
32.755112055456266,brighten,hw5k_1011.jpg,1760,960,2016,1216,0.5139923095703125,0.456298828125,63.72685241699219,13.171828269958496,32.755112055456266,6.010289803845808
32.740026014856994,brighten,hw5k_3707.jpg,1600,2240,1856,2496,0.478302001953125,0.4972686767578125,68.45053100585938,45.29973220825195,32.740026014856994,22.52613789268071
32.72876720275963,brighten,hw5k_1269.jpg,1280,800,1536,1056,0.6548919677734375,0.310546875,49.975826263427734,34.5580940246582,32.72876720275963,10.731908105313778
32.72810299751124,brighten,hw5k_4833.jpg,1760,320,1997,576,0.42142998417721517,0.3769448839662447,77.6596450805664,26.038347244262695,32.72810299751124,9.81502178066139
32.70851166744251,brighten,hw5k_3957.jpg,320,1120,576,1376,0.6247711181640625,0.2204132080078125,52.35279083251953,44.6141471862793,32.70851166744251,9.833547303860541
32.68878612911794,brighten,hw5k_3957.jpg,1280,960,1536,1216,0.5973968505859375,0.2672576904296875,54.718711853027344,31.824817657470703,32.68878612911794,8.505427265481558
32.58139773202129,brighten,hw5k_743.jpg,320,2080,576,2336,0.714141845703125,0.137969970703125,45.623146057128906,47.40422439575195,32.58139773202129,6.54035945108626
32.4821843621321,brighten,hw5k_1046.jpg,1440,320,1696,576,0.61895751953125,0.36151123046875,52.478858947753906,18.89449691772461,32.4821843621321,6.830572829814628
32.47658853966277,brighten,hw5k_1011.jpg,1920,800,2176,1056,0.4304046630859375,0.5466766357421875,75.45594024658203,23.783870697021484,32.47658853966277,13.002086417574901
32.41283088969067,brighten,hw5k_3654.jpg,800,2400,1056,2656,0.56646728515625,0.369140625,57.21924591064453,23.680444717407227,32.41283088969067,8.741414163261652
32.382689886610024,brighten,hw5k_3921.jpg,480,1600,736,1856,0.730621337890625,0.194732666015625,44.32212448120117,18.235986709594727,32.382689886610024,3.551142309384886
32.3508680955274,brighten,hw5k_743.jpg,1120,1600,1376,1856,0.785247802734375,0.0985870361328125,41.19829177856445,65.05892181396484,32.3508680955274,6.413966275635175
32.31900683889398,brighten,hw5k_1269.jpg,960,160,1216,416,0.5813751220703125,0.3660430908203125,55.59062576293945,22.60024642944336,32.31900683889398,8.272664056334179
32.30813511321321,brighten,hw5k_1046.jpg,960,800,1216,1056,0.4586639404296875,0.5069427490234375,70.43966674804688,22.84730339050293,32.30813511321321,11.58227478855406
32.30266522464808,brighten,hw5k_1046.jpg,1760,320,2016,576,0.4266204833984375,0.5609893798828125,75.71756744384766,16.112695693969727,32.30266522464808,9.03905116560054
32.30102864588844,brighten,hw5k_3921.jpg,1280,1920,1536,2176,0.5829925537109375,0.2797088623046875,55.40555953979492,10.100666046142578,32.30102864588844,2.8252458082861267
32.2778428645106,brighten,hw5k_708.jpg,1600,480,1856,736,0.6945648193359375,0.17938232421875,46.47203826904297,52.730350494384766,32.2778428645106,9.458892828552052
32.275824637152255,brighten,hw5k_1046.jpg,1120,160,1376,416,0.4898681640625,0.491180419921875,65.88675689697266,20.139333724975586,32.275824637152255,9.892046395980287
32.23812725767493,brighten,hw5k_708.jpg,320,1120,576,1376,0.78167724609375,0.1656494140625,41.24224853515625,69.1903076171875,32.23812725767493,11.46133391559124
32.209548667655326,brighten,hw5k_1269.jpg,640,640,896,896,0.6927642822265625,0.25262451171875,46.494239807128906,24.4383487701416,32.209548667655326,6.173725925269537
32.18873535224702,brighten,hw5k_593.jpg,0,640,256,896,0.6664276123046875,0.2373046875,48.30042266845703,27.959318161010742,32.18873535224702,6.634877258911729
32.09377362584928,brighten,hw5k_1011.jpg,1600,800,1856,1056,0.5081634521484375,0.44879150390625,63.15639877319336,12.512310028076172,32.09377362584928,5.615418434841558
32.049621450481936,brighten,hw5k_743.jpg,1440,640,1696,896,0.826324462890625,0.0772857666015625,38.78575897216797,53.21895217895508,32.049621450481936,4.113067516882438
32.004872102988884,brighten,hw5k_3797.jpg,480,2400,736,2656,0.63385009765625,0.32177734375,50.4928092956543,33.74980926513672,32.004872102988884,10.859923977404833
31.984028132865205,brighten,hw5k_1011.jpg,1920,640,2176,896,0.4705352783203125,0.5067596435546875,67.97370910644531,28.06081199645996,31.984028132865205,14.220087085181149
31.981162054813467,brighten,hw5k_743.jpg,1120,1120,1376,1376,0.634979248046875,0.2489166259765625,50.36568069458008,42.78750991821289,31.981162054813467,10.650522602780256
31.951518576534,brighten,hw5k_3331.jpg,320,1280,576,1536,0.6977081298828125,0.166259765625,45.79496383666992,37.55665588378906,31.951518576534,6.244160804897547
31.941937078954652,brighten,hw5k_1046.jpg,800,320,1056,576,0.4360198974609375,0.5512847900390625,73.25798034667969,18.2805118560791,31.941937078954652,10.07776814038516
31.921435305383056,brighten,hw5k_1046.jpg,1920,800,2176,1056,0.42437744140625,0.5598602294921875,75.21944427490234,23.74092674255371,31.921435305383056,13.291600694443332
31.87760103214532,brighten,hw5k_1251.jpg,960,160,1216,416,0.5589599609375,0.4019012451171875,57.03020477294922,10.989456176757812,31.87760103214532,4.416676120599732
31.87634722678922,brighten,hw5k_1011.jpg,1760,480,2016,736,0.5022430419921875,0.47528076171875,63.46797180175781,13.4420747756958,31.87634722678922,6.388759538473096
31.82652230025269,brighten,hw5k_743.jpg,1600,1600,1856,1856,0.747589111328125,0.0824432373046875,42.57221221923828,51.228389739990234,31.82652230025269,4.223434292071033
31.798473605245817,brighten,hw5k_3797.jpg,480,1920,736,2176,0.6745452880859375,0.283935546875,47.14060592651367,31.62204360961914,31.798473605245817,8.97862224560231
31.78109117213171,brighten,hw5k_1046.jpg,1280,960,1536,1216,0.4609527587890625,0.499053955078125,68.94652557373047,18.978214263916016,31.78109117213171,9.471152888727374
31.74268424231559,brighten,hw5k_1046.jpg,1600,320,1856,576,0.4331512451171875,0.5516815185546875,73.28314208984375,20.012643814086914,31.74268424231559,11.040605729649542
31.721727017313242,brighten,hw5k_3707.jpg,1120,1440,1376,1696,0.6552734375,0.11749267578125,48.409908294677734,82.7908706665039,31.721727017313242,9.727320924866945
31.69203854544321,brighten,hw5k_3957.jpg,320,1280,576,1536,0.6440582275390625,0.1927642822265625,49.206790924072266,38.1131477355957,31.69203854544321,7.346853566647042
31.633917577273678,brighten,hw5k_3957.jpg,1280,1440,1536,1696,0.6845245361328125,0.2027587890625,46.21297836303711,33.232059478759766,31.633917577273678,6.738092137966305
31.632570379879326,brighten,hw5k_1011.jpg,1760,160,2016,416,0.48822021484375,0.494781494140625,64.7916030883789,17.16904067993164,31.632570379879326,8.49492360057775
31.62174789304845,brighten,hw5k_5028.jpg,1120,1280,1376,1536,0.439361572265625,0.068389892578125,71.97203826904297,29.621524810791016,31.62174789304845,2.025812899810262
31.359676641528495,brighten,hw5k_743.jpg,480,1120,736,1376,0.705535888671875,0.19561767578125,44.44802474975586,51.92711639404297,31.359676641528495,10.157861819025129
31.34884985012468,brighten,hw5k_1046.jpg,1760,1280,2016,1536,0.5717315673828125,0.406768798828125,54.83141326904297,13.89610767364502,31.34884985012468,5.652503026794875
31.257716805383097,brighten,hw5k_4885.jpg,160,2400,416,2656,0.5175323486328125,0.154296875,60.39760971069336,19.90961456298828,31.257716805383097,3.0719913095235825
31.223040572716855,brighten,hw5k_4957.jpg,1120,1120,1376,1376,0.3579864501953125,0.0415802001953125,87.21849822998047,3.333829641342163,31.223040572716855,0.138621303904074
31.13691439514514,brighten,hw5k_1011.jpg,1760,1280,2016,1536,0.4297943115234375,0.54400634765625,72.44608306884766,13.973355293273926,31.13691439514514,7.6015939775970764
31.106432996923104,brighten,hw5k_4957.jpg,1120,800,1376,1056,0.3106536865234375,0.0147247314453125,100.13218688964844,3.286018133163452,31.106432996923104,0.04838573453525896
31.011288778332528,brighten,hw5k_1358.jpg,480,1440,736,1696,0.5536346435546875,0.4248504638671875,56.01399612426758,13.036338806152344,31.011288778332528,5.5384945889236405
30.9854801055626,brighten,hw5k_743.jpg,160,800,416,1056,0.8201446533203125,0.003204345703125,37.7805061340332,2.7507975101470947,30.9854801055626,0.008814506181806792
30.9652409828268,brighten,hw5k_3957.jpg,1120,640,1376,896,0.631500244140625,0.2447662353515625,49.03440856933594,46.21247482299805,30.9652409828268,11.311253488704097
